,0
0,@boafuzo
1,@Rosana_Oliveira
2,@Murilo33Souza
3,@IPompermayer
4,@ArgentinaCred
5,@marco_sabino
6,@haydefelix
7,@Altair83258786
8,@marcio43sousa
9,@MondelliFilho
10,@cristiansmtsgm1
11,@tiabili
12,@Lourdes53504842
13,@Poder360
14,@Alda15195373
15,@seleenino
16,@Anderso15192455
17,@MarceloMelo25
18,@ClashBonngo
19,@tioigs
20,@portalgp1
21,@saorikyoto
22,@DENILSO55276187
23,@Rainer55247899
24,@LKHTexas
25,@deborahastw
26,@CristianeGP8
27,@lojachaplin
28,@bbrunovaz
29,@milija73
30,@SimoneBo7
31,@ElcioWildner
32,@ForaBoi_
33,@Luz05071024
34,@DanielSterdi
35,@Ellenllyy
36,@jannettepaz58
37,@LorencetteJose
38,@advogadojosenh
39,@_Bel28
40,@ureaLima6
41,@AnaMarinhoFons1
42,@chochia_nino
43,@FafaSchmitt
44,@stoicynic
45,@Azevedo_Wall
46,@blufftongal
47,@imwahnon
48,@rogerio_rsf
49,@willian11087815
50,@OneCTrader
51,@Ol_Man_Winter
52,@dollyma42330762
53,@DavidCa34876969
54,@Bolsonarita_
55,@_lutherblissett
56,@Annekmk
57,@Skiolivhio
58,@GuttodeMoraesMG
59,@benelli9394
60,@The_Sheepmaster
61,@MaikelNaimaier
62,@Olivaci77
63,@CassCV1
64,@FlaviaAdriane3
65,@geraldoazevedof
66,@NitinDThorat1
67,@EdsonGPlobao
68,@SimoneMalvezzi1
69,@RRiqueto
70,@Josibertolima
71,@Antonio69991075
72,@MmipexRenata
73,@vivaumevivendo
74,@LopesLavo
75,@Carina_Karvalho
76,@DanielCorttez
77,@VeraDCaetano
78,@omanuelcosta
79,@o_antagonista
80,@oproprioias
81,@Ohrwurm14
82,@HolandinaS
83,@Marciad2
84,@whoaskedanyways
85,@ReisHcarlosreis
86,@ale_giseli
87,@canalsmais
88,@WaldecirArauj13
89,@edsonyhi
90,@faleinoticia
91,@MPrescinoti
92,@xanaduarte11
93,@MarcoDan89
94,@TiagoFiPal
95,@SobreiraW
96,@RitaLim81887915
97,@luciacostadas10
98,@aluabranco
99,@Jonatha72193707
100,@MenezesEleni
101,@Andr41383066
102,@alexfercr71
103,@PauloRodrigoGa1
104,@samaratuitta
105,@AliciaFortes5
106,@majorgabdf
107,@Celinn79
108,@Marcelinoonline
109,@pauladematos6
110,@lealjhonatan88
111,@wiliansclage
112,@RiegoPineda
113,@Wolfrmio1
114,@LaraBragaL0ures
115,@AntiDop
116,@mariafatimamarq
117,@AndyyLocutor
118,@Francis46884935
119,@Fernand09707640
120,@hobbit_original
121,@PBoljanic
122,@HermesVS
123,@Princesa3084644
124,@skyliesmiles
125,@E_sant09
126,@ce_eds
127,@Metropoles
128,@CEscualiman
129,@CarolSerafim6
130,@concepcion2360
131,@Rodrigo08916506
132,@netroje2
133,@sansdrawing
134,@MorelloYara
135,@daverawlings1
136,@Deusa_Hela_
137,@OliviaP71572695
138,@MariaLu98095376
139,@luthanno
140,@Elxbrunoytb
141,@BrunoLu42291407
142,@malaggiarte
143,@Alex22169797
144,@ClecivaldoS
145,@TiagoMa45569622
146,@PetrSkcel1
147,@HoojieBoojie
148,@PeroteValentina
149,@bya_play
150,@NoutelRaphael
151,@ana73087294
152,@Teramito
153,@antonioxnat
154,@leasilviasp
155,@Malvinabatista1
156,@leandrafernand7
157,@solivei1
158,@ALEXCESAROFICIA
159,@00b922be14374d2
160,@MarinhoLeao1
161,@igoralve
162,@IvyRamaldes
163,@meirybrayan
164,@jonataomessel3
165,@jmariosana
166,@CoutinhoAbdora
167,@ELAZINHA
168,@pipocas9
169,@Rosana86165971
170,@MiguelZepon
171,@CunhaGeovanni
172,@Rafaelleite2022
173,@Carina92068712
174,@Desi71600608
175,@PauloJunioFerr4
176,@mbbgo
177,@boomerXBT
178,@rbarretojr
179,@virginia_lasso
180,@MacedoSilva6
181,@creptobitcoio
182,@Wandefatimasp
183,@EmmaBat_
184,@ArtiChatwal
185,@SerraEdite
186,@Ricoricar1
187,@_jordimartinez
188,@CARLOSELIASTOR2
189,@inesita_mv
190,@RogrioBergamin2
191,@diego1klv
192,@GniPaulolubi
193,@rosariobonito
194,@DuDuSil43752997
195,@SidneiAlvesdaR1
196,@FAM63
197,@MaraRoCam
198,@JPA020219692021
199,@Leopaifeliz
200,@NonNeutro
201,@Will_SCS
202,@Kobol_Spain
203,@AlecFerri17
204,@Hierophantoms
205,@Edsohn11
206,@fabricioxs
207,@nmsalgueiro
208,@Livingincanada2
209,@Camargocruz1
210,@LeExtrema
211,@Maxgabriel_R05
212,@HGrimouth
213,@EspeschitRegina
214,@Edu__Pecanha
215,@PauloAl45381065
216,@paulo_kem
217,@JoelSant
218,@mr345543
219,@paladino_comuna
220,@PedroLAfonso67
221,@Anastas25000045
222,@jde_de
223,@2020Miroslava
224,@SOL32263075
225,@AdrianGosende
226,@portosoares00
227,@hertzgennari
228,@1Olenka2Lenka
229,@SandroValeriano
230,@fatimapiressor
231,@OSimoes87
232,@Pauluuh1
233,@Albaraka54
234,@SCWatt
235,@NQuezonda
236,@nunotpaulo
237,@Ogadel
238,@ilustreunknown
239,@OssandaLiber
240,@ZenPeace
241,@e3games
242,@Alissonlagart
243,@TonhaoFla1978
244,@simonerrodrigue
245,@eulersouza_
246,@MarcoMazzanti9
247,@edsonsilveira45
248,@elkedibarros1
249,@WDuarte65
250,@natycosta1234
251,@cesaraugfabbri
252,@MillwallPaulNLU
253,@Ruyvidaleal
254,@cleybe
255,@MaryJoWheeler61
256,@LuNJunqueira
257,@Fernand01806258
258,@elienefavarett1
259,@MarliaR49170877
260,@PaulaMa06254977
261,@Fabiano64597541
262,@MariliaFerrei1
263,@ismael_souza91
264,@GoncaloMLemos
265,@Ismaelaugustod6
266,@Alcemir32512010
267,@TheusZinho_018
268,@roibertosucc8ss
269,@mackayCarolin
270,@Osman42294341
271,@JooVict99657959
272,@danielgsia
273,@Ev_aurean
274,@Eu__Weiler
275,@Ary_AntiPT
276,@RicardoFPorto1
277,@LuizlobofilhoL
278,@gogfar
279,@Evandro54Santos
280,@jjforni
281,@MailsonJunio
282,@andreia11852546
283,@niltonsanches
284,@Cantoneseteam
285,@MarcioTurra
286,@WendiLin10
287,@jepsilva2017
288,@JairFer31750098
289,@nigethugrug
290,@Andregvwork
291,@wtorresneto
292,@RPorto9
293,@wanderIsak
294,@bmmalbuquerque
295,@pedro_belo
296,@3rty_6ix
297,@artur_mokrzycki
298,@eliel_castilho
299,@melomanebird
300,@TomazFlavi
301,@federicalalupa
302,@AMfcy62
303,@PauloCades12
304,@Edgar_jesus13
305,@Derek14032179
306,@lucianaspires
307,@Euzenir14
308,@ARGAGAMEDON2
309,@RomoNunes2
310,@Idelso06
311,@JuliCombaluzier
312,@ritaetim
313,@csjulio79
314,@sylwiablaszka
315,@ApacheBrasil
316,@Leonard26467967
317,@Desgoverno666
318,@Jeepo03
319,@CarlaaSoofia
320,@JulianoCarniel4
321,@PedroMo60177810
322,@MrioOli90403125
323,@JULIANOVIRTUAL
324,@RodNogueira_
325,@Miragirl1979
326,@PauloSo70003590
327,@martapmsp
328,@JoaoPauloLins7
329,@PhillDavid034
330,@ArmandoAssunco1
331,@gabrieldean0
332,@KahhMiya_
333,@jacintojogos
334,@FLopes86675478
335,@Mary_B7788
336,@AntnioS09801314
337,@cbdias501
338,@BiccaAdriana
339,@CEC_GabrielDC
340,@veramartins
341,@SofpedNews
342,@illeott1
343,@victorlimapt
344,@jvinisou
345,@filipeconstante
346,@brybarrett999
347,@annamadin
348,@angiemcd1964
349,@almeidamarcel88
350,@marceloanobrega
351,@EdsonDiasSouza1
352,@luiscmadera
353,@daragaophi
354,@Latics
355,@MayraLi77898376
356,@2010SDmania
357,@Micaela40345725
358,@amelianovaes1
359,@etrohoe
360,@Carti_Mandua
361,@LitleReputation
362,@BinoPaulo
363,@CrimeSpyApp
364,@benyatijng
365,@Mariade66683620
366,@cccruzz
367,@myatu
368,@JooGrosso3
369,@ieda_negreiros
370,@JosefaAnisia
371,@AsimH1995
372,@Joel_EHarris
373,@pedodd2014
374,@DNicoros
375,@paulobluedrag
376,@celiatahan
377,@soutojc
378,@PEletrocell
379,@Maria98823347
380,@Cintia15000
381,@i_mega
382,@hermitemporary
383,@mandojpc
384,@ManuelFLopes_
385,@denspw
386,@DyogoVelaz
387,@Tekito115
388,@LitaPin12972810
389,@Sonia91681456
390,@VelindaDe
391,@Lanadacunha1
392,@severinojoseal1
393,@MyNameChuk
394,@Mary10372660
395,@JSantos65452054
396,@odiioogo
397,@AntonioOrnelas
398,@elisaulgutie
399,@JGD771
400,@Madruga_crf
401,@LPOLT1
402,@antfilfon
403,@bluesnowboard
404,@leofagundesadv
405,@Robbejuju
406,@ESPauFerro
407,@alemarquesbr
408,@byrne_deanna
409,@aguedacouto
410,@alisson_76
411,@TerezaTrindad10
412,@canceladinhoo
413,@SubhasK50909575
414,@vmstrr
415,@R85275896Aroldo
416,@WagnerSilvano7
417,@UKRinBRA
418,@sd_bento
419,@PauloLimasFran1
420,@mahalvesdias
421,@IsabelS05331827
422,@IsalinaOliveira
423,@NamanBora4
424,@silvaruben85
425,@MilenaD74853271
426,@Amitpan47591829
427,@juhcosta719
428,@miqueiasdacp
429,@pauloalves
430,@eumesmavivi0
431,@SergioSierra67
432,@Enio16440447
433,@costaandreluiz2
434,@DafemaLtda
435,@ozgurydnn
436,@GERSONCOLONEZI
437,@tonirodrigues39
438,@PadraicMurray
439,@GrataMendes
440,@ManoelC93149816
441,@zmusico
442,@pichel_jorge
443,@betty_hable
444,@Fernand86253651
445,@andrade_prof
446,@Fabiana58032048
447,@MarcelinoBapti3
448,@luzlillaz
449,@observadorpt
450,@Gusdelf
451,@contente_vera
452,@UltConservadora
453,@4point367
454,@William72751294
455,@AnacleideCleide
456,@Costa_qouo
457,@Eien_no_Deshi
458,@MariaVi17671990
459,@VanillaTaste85
460,@ronmilione
461,@ElmaLinhares1
462,@rafaplacencia
463,@Felipe38687096
464,@alexitb1
465,@AvelinoJosiel
466,@YouWatchingyou
467,@IamSandra1967
468,@vjamartins
469,@Lucasli57205826
470,@riccardogguerra
471,@herculesltz
472,@enicassio5
473,@LorenaMoraesss
474,@ClSiamoin
475,@tarconalz
476,@LCmata
477,@Denilcel
478,@depaulajr83
479,@ChuckyBR75
480,@ElieteCabral7
481,@caranguejoo
482,@m_bbk7
483,@paulina36428491
484,@Rafgra70
485,@darsonebx
486,@AndriaPorto8
487,@livre_amazonia
488,@eva95391199_eva
489,@guilbere
490,@RMcarvalhosa
491,@ifornez
492,@chiarelli_rafa
493,@James79bond
494,@Rubens0391
495,@rscianni
496,@dorisfpaim
497,@ricardozome
498,@Maroildo
499,@MaltaVisionario
500,@PauloCe66703083
501,@BiaEsteves33
502,@julianeBragaMen
503,@arianetf12
504,@ElenTorres10
505,@Sou_Sa_Lo
506,@PicoPal34606367
507,@CFitzBroadway
508,@Norman_All1
509,@sylksx3
510,@JaspionJpn
511,@Rodrigo57787931
512,@AndrSilvaBatal1
513,@IdelzaMedeiros
514,@Brasileiranata1
515,@danitorres0122
516,@SebastianHKD
517,@JAglais
518,@noca_leonor
519,@EdvigesMotta
520,@Andreia21423213
521,@BrcarlosCb
522,@RubemLuiz1
523,@KikaGom64553748
524,@Henriqsve
525,@witorlins
526,@mjsantana68
527,@RobindosBosque2
528,@ClaudiaCanelhas
529,@geniotweets
530,@Gabis09106720
531,@zenmilhas
532,@Franklin_Apaza_
533,@felipegripex1
534,@FiscalGeral
535,@CaiguaJegu
536,@MagalhaesTVSD
537,@Grumari4
538,@Miranda50sonia
539,@TonyMoreira2022
540,@FabioCFProf
541,@TioMksbrasil
542,@lira_georgia
543,@paulino_joceli
544,@Juliano39185208
545,@RebertPauloo
546,@lcia_cunha6
547,@BispoFred
548,@Pilbert8
549,@berniP2C
550,@jarokam
551,@RoderRock
552,@Pove1Cristianna
553,@matheus_moares
554,@FellipeHiroshi
555,@BenjiSeitlhamo
556,@eliakin19
557,@11Giuliano
558,@Betania73377928
559,@HMemgol
560,@RubenSa70386108
561,@MayaraCouto2
562,@hopyth
563,@kntz
564,@tousoaver1984
565,@dantaskatiusci1
566,@elfqueen55
567,@LuizOtavioPetri
568,@Walisson3210
569,@laionmarques7
570,@nasojuara
571,@PodcastBronze
572,@Civis_Brasiliae
573,@Leo_Crux
574,@Rnportela
575,@silas_youtuvik
576,@djogojb
577,@adrianaamelia01
578,@gausmann86
579,@RosineiApareci5
580,@MesasArtworks
581,@Cronoslibert
582,@RogerAraujo84
583,@EdivanDomingos1
584,@alvesdasilva089
585,@Kamale1971
586,@DeMatthaues
587,@LuhFerreira474
588,@Robson_dariza89
589,@oacy1942
590,@rsalario
591,@MarcusS75902135
592,@rafaeldbo
593,@CarlosRupp4
594,@SoniaMarthadeM1
595,@Allan_Erick
596,@espiritoutil
597,@hijabi_girl1
598,@adrianolpsilva
599,@LucasMarcelaeI1
600,@ElielFds
601,@Joana41858862
602,@oh_acredito
603,@robertocostaav1
604,@asiltonbaruque
605,@isadantes2
606,@EdisonJardim
607,@Luciane_artes
608,@seufonso
609,@Vacinada3doses
610,@pontocompontob4
611,@martins_enildo
612,@OsmarTerrap
613,@SanjaDobrasin
614,@AManuelFerreira
615,@LazzulyReis
616,@andrehfo
617,@indioxinguvivo
618,@santos_uandra
619,@thamisebezerra
620,@Dudools
621,@bccruz59
622,@FarahElton
623,@Francis75020053
624,@m4rculos
625,@jmsardo
626,@vitinho080584
627,@marceloleal38
628,@BrunoCP1910
629,@MAYUKE191
630,@Matheusarch31
631,@SueSimoes
632,@Jackson91869119
633,@FontanaNeto
634,@angeskay
635,@PiedadeAraujo1
636,@CarlosR35519497
637,@DIEGODU85461332
638,@assisbastos
639,@FlaviaServilha
640,@Marisab79879802
641,@josebelezia
642,@solitariax1
643,@EDBaixoAlentejo
644,@NUca9Z1g02mNA5t
645,@FabioORibeiro
646,@emiltri
647,@HildebrandoTei3
648,@lagier_helene
649,@IlGra_90
650,@Espilacopa_20
651,@robertomaia333
652,@pledge444
653,@GilsonRicardoRG
654,@Josie_Melo
655,@jjcarlossouza
656,@sandrobam
657,@sil_0410_
658,@neydeadm
659,@Albert_J_H
660,@peter200311
661,@nesimachado
662,@RosaPeregrina3
663,@Douglasdiversao
664,@waIshfck
665,@GregoHERCULES
666,@Kio_9022
667,@HelioPe78506277
668,@PamelaDemeneze6
669,@carcara31
670,@migas1134567
671,@Domingo10931641
672,@Miguel600610031
673,@007_botafogo
674,@BeloDeolinda
675,@felixma14758413
676,@WalterPinto1
677,@jose_adamastor
678,@da_hauro
679,@Rei2021rei
680,@AurlioRamos3
681,@magnope71415881
682,@Orlandoesousa1
683,@StudentPau
684,@MartaRcf
685,@AvaladaLu
686,@DecontoDaniel
687,@senhor_soarez
688,@Brownboy5202
689,@cidomal
690,@IseMMCA
691,@felipesenshi
692,@Ulisseslimaa
693,@PatrciaVeiga13
694,@TeresaDCHF68
695,@bielzinhz10
696,@jacquesaraiva
697,@NobreJorge2
698,@lidiapintosoar1
699,@denseflies
700,@henning_summer
701,@WalterP81208075
702,@onie1987
703,@vinyscott
704,@drica_brasill
705,@Brunosouza25
706,@godofredagerta
707,@Nato82855644
708,@Eleicoes_ON
709,@oblogdoprimo
710,@velargi04
711,@arismeire
712,@piratamc012
713,@apaix_por_direi
714,@GalvaoTallinn
715,@LucianaMDiasV1
716,@Everton31170883
717,@davimesquitars
718,@Nyl1741
719,@densel11260446
720,@ronaldotokuno
721,@jplaramee12
722,@Hugofmferreira
723,@LeonelTorresla3
724,@fhg84389880
725,@balmeidamartins
726,@leyssoncarlos
727,@cgzfi
728,@Ojuliorosso
729,@fernanda_OSS
730,@Acier_Rocha
731,@AnaPaul58665846
732,@KenPorridge
733,@romerogeol
734,@ErenildoQ
735,@Gilbert88573519
736,@pgalexandre
737,@raphaelzinho555
738,@lcruzbhz
739,@VIvoner
740,@T_A33V
741,@ConservadorBra4
742,@Noyado3
743,@DiegoCo43234234
744,@hallesereno
745,@JuanJua65963580
746,@Panetone177
747,@Gersonfbr
748,@Lu2020_z
749,@pollito88320433
750,@EscarletHorara
751,@samadeu
752,@ClodoaldoLopes9
753,@GregrioLucas3
754,@Rodrigo96995440
755,@0tavi0augusto
756,@epiphanictruth
757,@amsPt72
758,@CarlosCezarioC7
759,@sacadadoweiss
760,@LeiaBm
761,@wagneralvesgom1
762,@vrcarvalho71
763,@mapmap117
764,@leleteles
765,@AndreaM98836213
766,@Airton40831751
767,@mlou555
768,@joaquim_carote
769,@FlavioVilela10
770,@Captaleilao
771,@Cristin72133252
772,@brasil2107
773,@CarlosR22535110
774,@sonnysmc
775,@JeanRolinJosep2
776,@Marcelo67228428
777,@CE_PTrep
778,@Juliana84259162
779,@Miguel_100001
780,@MalikShah313
781,@AshleyHiguera1
782,@Natalia27253809
783,@Carlos06271573
784,@dmatos
785,@tugatripeira
786,@BeatrizVela13
787,@acacio_pachecoo
788,@mundoooro
789,@JoseWF4
790,@umapessoqq
791,@Anielka53630811
792,@TBoisseauATX
793,@wmageski
794,@KellyDoVale5
795,@dulerdri
796,@Accau3Accaui
797,@Petar11966095
798,@Cristinammattos
799,@tatiferreirarib
800,@RafaelS54732078
801,@DeuceliaSilva
802,@Magdalenazett82
803,@nitmartinsito
804,@emilio_pica
805,@ototesilva
806,@ljmason90
807,@JorgeAMMatos
808,@Luizdopt13
809,@TiagoAn50156158
810,@DiegoPr06437627
811,@jlspbr
812,@stop_stopwar
813,@marcielpr
814,@Secretcharmed
815,@Lex_Mamilia
816,@SantosSkyrim
817,@AmaralmachadoF
818,@JAV_LAMALAHA
819,@CheshireCat2200
820,@RicardoMOD62
821,@Alessia_ing
822,@AdilaDahwache3
823,@Manuela73798222
824,@Simaco80
825,@Elle_K100
826,@AURILENEBEZERR4
827,@jlgirotto
828,@jackseraphim1
829,@lucabattanta
830,@NFTvix
831,@tonyoliveira00
832,@Manicorn86
833,@SucupiraVandiza
834,@HernaniSouza
835,@vanderluciolope
836,@23jorgenicolau
837,@FerJorge8
838,@Alex37765513
839,@RodriguesRienio
840,@IsaacFe12171661
841,@MarliPaes1
842,@xavinisms
843,@SiaSrra2
844,@MdeMari21
845,@IdalinaVieira3
846,@FlorentinoRica5
847,@nicassiodesouza
848,@Mintira_171
849,@kalbaliek
850,@filhoeterno12
851,@AnaCandocha
852,@Warleylopesdas4
853,@takSTBR
854,@MarcoGraa13
855,@Alexfernandes37
856,@GalloMontella
857,@Darklad59968331
858,@Alice__br_
859,@ClaudioPC74
860,@VassFewderr
861,@pereira10876733
862,@MateusSFN
863,@Erickso39261233
864,@bsabadini
865,@FlyFs
866,@akaclaus
867,@Lucianolimajti
868,@Christtiane2
869,@Vanessa56552786
870,@DeLima222222
871,@SolVeravieiraa
872,@PedroPe73686266
873,@Thangorodrins
874,@PedroLAGrifa
875,@EddiePortugall
876,@Adriano08650448
877,@CatiaCristinaF8
878,@Rubynoticias
879,@MariaMcortins
880,@gutoslipknot
881,@danmarques23
882,@ChiodiniFabio0
883,@ElisabeteCouti8
884,@ClaudioGP8
885,@JotaNNNNNN
886,@talkradiotommy
887,@adejatene
888,@CharlesMendesCM
889,@Nequinhas
890,@SouzaNayala
891,@Frlemes3
892,@LucineiBueno
893,@Aislan062
894,@_meajuda_
895,@1frase7
896,@Brunobgm1
897,@AnaNoFutebol
898,@Valter21Souza
899,@rhprj
900,@RodrigoRVisa
901,@GuriaParanaue
902,@rdmonteiro8693
903,@Antonio58961851
904,@hfmagnus5
905,@JuliasSa56
906,@hugodc79
907,@janrobinjackson
908,@marcosalum
909,@ragsbull
910,@kubla_a
911,@ResendesAurelia
912,@araujoficial2
913,@beli_alexandra
914,@werly86
915,@FlaviaFigueir11
916,@MnicaViveiros1
917,@jopes007
918,@Magenfox2021
919,@CrisDaliah
920,@direitarealbr
921,@mutantproudx
922,@fer36584070
923,@luismachadoreis
924,@DeilerOliveira1
925,@adelioalves3
926,@TUONODOG
927,@Edu_Bordallo
928,@hpipman_oficial
929,@Soroush1789
930,@JoaoKarim
931,@Lerrieurjr
932,@yaragracinha
933,@ofiicial_junior
934,@Ilenburgenne
935,@elmosquito1982
936,@clevi437
937,@YawveheDeus
938,@nananjinho
939,@IsabelLaffon
940,@Alvesli7
941,@ChavesAmauri
942,@AlanZionist
943,@0rangetreee
944,@Armando67235739
945,@cleitonmoya
946,@scorpionunes
947,@andre_luizviana
948,@LucasSi70740662
949,@wwwcarlosjoses
950,@Edsonmxko
951,@Tatiana42463540
952,@camilar58023849
953,@AlvaroPortugal
954,@xicao_13
955,@rickys_ricardo
956,@brauliocampos
957,@AfpChecamos
958,@ArmandoManuelG6
959,@willians_nery
960,@leo_lima1998
961,@TheFinal_Crash
962,@Fernand14736946
963,@sunnydnrum1
964,@ValeriePecron
965,@KenCosta14
966,@AndersonLBreda
967,@andre_its
968,@Brun0ryan
969,@M2sjoe
970,@Sauloaazevedo
971,@Wellingtongeoge
972,@ElvinhaFernand1
973,@RMarianaC
974,@elizabetepaula
975,@minerinjf
976,@Wiltemberg78
977,@_persce
978,@MiaVeiga2
979,@icepod
980,@_jotake
981,@ManitiF
982,@ORaphaelTavares
983,@sacrarthur
984,@wembley_c
985,@Nuna246082331
986,@Joaospvz
987,@Leomendes25
988,@SissaPapirusa
989,@CarlosG74455813
990,@celconglves
991,@twiitterick
992,@FerrariNicolau1
993,@73molinaconsult
994,@ZabucaRodrigo
995,@CarvalhoBravo
996,@NaimHabibi6
997,@jornalistavitor
998,@EduardoSalesJn1
999,@IgorGama03
1000,@JanaizaFernand1
1001,@cacofatofobia
1002,@Leda_F_O
1003,@Anderso70119327
1004,@diegorool
1005,@AnalistaBra2021
1006,@PlenaDeusa
1007,@betomaveric
1008,@PierreSalgado3
1009,@power130722
1010,@JuniorSax8
1011,@aquelado1
1012,@Lucianochristo6
1013,@brunellalean
1014,@c_marlova
1015,@NormalBirthBRAZ
1016,@eclipsecs10
1017,@BeingSusanaMC
1018,@ODuvidas
1019,@_1dramatica_
1020,@dinhocurvelo
1021,@EduWendhausen
1022,@edszcosta
1023,@Titatweet
1024,@Cristia82075195
1025,@Wonderm00n
1026,@raquelnoronha69
1027,@Nilton_75
1028,@isa_ssdd
1029,@p_drow_
1030,@Lindoma54885129
1031,@PauloJCGFranco
1032,@MarianaBorel7
1033,@EuSouZarolho
1034,@escritorwalter
1035,@edineysantana
1036,@calhau40
1037,@fernando_lissa
1038,@ngudlamatshe
1039,@marciohip
1040,@AnubiZFN
1041,@SandroFilipeAl1
1042,@consuveronica
1043,@LinoMGomes
1044,@Guacirawolling1
1045,@filipe62316988
1046,@lilianapbasto
1047,@cris2019tchu
1048,@CristinaOlive67
1049,@GustavoPrade2
1050,@__E_d_u_a_r_d_o
1051,@PauloAlves2037
1052,@TiagojuniodoNa1
1053,@hagia_michelle
1054,@Claudynhasantos
1055,@Joaquim31554031
1056,@dranujtewatia
1057,@Sarmen7o
1058,@jessiejxu
1059,@AskoldMelnyczuk
1060,@AlinnyRehbein
1061,@Crismendesflor
1062,@JoeSchm99379944
1063,@Dadatrilha
1064,@aboni1981
1065,@KingRybak
1066,@Mehaj26076693
1067,@Aluskamt
1068,@Davipoten
1069,@Ricardo190469
1070,@OrandyNica
1071,@VanusaBiologa
1072,@DKwiatkowski23
1073,@patrial
1074,@rodrigmario
1075,@Santos65043753
1076,@rocaf37
1077,@Silviru2
1078,@Heriberto_
1079,@rasecpaz
1080,@GenbotTtv
1081,@RossiniHoltzma1
1082,@IFCARCARA
1083,@priv_fer_
1084,@CentenariocaU
1085,@crisrgbgomes
1086,@juninhomiix
1087,@cidguerreiro
1088,@MarcosR99471980
1089,@JohnLMcCoy
1090,@MarM7
1091,@P11102102Andrea
1092,@dahungrymonkey
1093,@RenataA64854261
1094,@AfranioJr3
1095,@mawa1809
1096,@Davidlieb_
1097,@fabiomlsantos
1098,@drpedrotito
1099,@FabioSi63445261
1100,@LeonorAlmeidaS2
1101,@ZazaS_
1102,@Cristin72375761
1103,@JeanzitoSena
1104,@Osproletarios
1105,@Doge_France
1106,@danillooleal
1107,@mamaeursali
1108,@maldsuado
1109,@patricia_vasc
1110,@JosAmaroLopesP2
1111,@Rebel1904
1112,@jaelson96
1113,@dannypapito
1114,@NeverGivup2021
1115,@PetriniRenata
1116,@ecoteamnews
1117,@AnaIzabelSoare2
1118,@jurandifrutuoso
1119,@IdeilsonPereira
1120,@Famlia6
1121,@prem_inc
1122,@Luciasnasciment
1123,@thiagomodestoT
1124,@AnaHafe
1125,@draculasspatula
1126,@leonor_sim
1127,@tancredoeduardo
1128,@miguelcouto83
1129,@psi20_wolf
1130,@carlosdetinopa1
1131,@GiulianoBrazil
1132,@anderson16042
1133,@Guthbsb
1134,@bejoan5
1135,@JorgeMCFerraz
1136,@fmonteiro71
1137,@mariaap51110487
1138,@Jeffersonmalv
1139,@dominiofeminino
1140,@pedroap3v
1141,@profjorge13
1142,@AngeloScorsato
1143,@Sayobernardino
1144,@Ze_Galinhas
1145,@Osman17613219
1146,@Herculanolpb
1147,@imfsystems
1148,@davsrodrigues
1149,@LuBassOficial
1150,@victor_pcruz
1151,@rosa_lici
1152,@DosPuntosUveeee
1153,@Rodrigopizzelli
1154,@YUSTRIK
1155,@lidiaXavierReal
1156,@mairinmurray
1157,@harouca
1158,@IvanhoePortenio
1159,@salomao_cec
1160,@DouglasJustSan
1161,@6651toni
1162,@Cleberbragados1
1163,@SPMarusan
1164,@JJBaeta
1165,@Depp1914
1166,@Ricardo89481329
1167,@RogerioBM6
1168,@Ag36151686
1169,@EvaristoAlmeida
1170,@danilovns12
1171,@ricardoalvvesbh
1172,@reallouiehuey
1173,@notoftheworld77
1174,@MrNCE
1175,@paulosilva1980
1176,@rmgr1976
1177,@markosramirez
1178,@Alessandro113
1179,@MaoLongDong1
1180,@eliana_felamino
1181,@marslbrges52
1182,@TweetingJohnny
1183,@Dgisbert
1184,@valterbrito19
1185,@santaousam13131
1186,@rickvive
1187,@KatSaoPaulo
1188,@RaulFonteSanta
1189,@0945457678f5449
1190,@verswagon
1191,@robertocamarajr
1192,@Leitor1919
1193,@marcosiri4
1194,@FamliaPires2
1195,@acinoM_45
1196,@Nill26667206
1197,@Ricardo74376672
1198,@BeatrizVillela9
1199,@saidaminhacola1
1200,@claudiolisias
1201,@Jorge06255546
1202,@nirdop
1203,@Jaki_Carmo
1204,@AngeloS79366790
1205,@MarcelPinie
1206,@Senpai64739988
1207,@aparecidaigles2
1208,@BrenierLaura
1209,@donchisciotte67
1210,@wellington_vin
1211,@globalesfera
1212,@RSFOGGIA
1213,@alessandraluizw
1214,@Anderso97945629
1215,@ENZDESSA
1216,@LuizFer34889010
1217,@IsabelF87959732
1218,@jalves77_alves
1219,@AnaCripty
1220,@EvaristoKlebber
1221,@loveryonce
1222,@midori_cecilia
1223,@Railda94661764
1224,@custodio_itamar
1225,@Ricardorodth
1226,@CampeloRosinha
1227,@adalcimar1220
1228,@karem_menezes
1229,@gustavo_luiz7
1230,@ScoutyDee
1231,@VictorGasparF
1232,@paulolisboa98
1233,@anarita_oioai
1234,@BrunoLym
1235,@migs_monjardino
1236,@CleideD71065020
1237,@ander_Jsilva
1238,@Fomtx
1239,@tocaberrante
1240,@adamazaki
1241,@_BB_D_
1242,@kristine_kenyon
1243,@laenkai
1244,@miticopagno
1245,@limmajr
1246,@adrianjo6
1247,@Tasia9314
1248,@spmurphy10
1249,@JucaFernandes
1250,@vinni_correa
1251,@GemelliLeandro
1252,@DanielF94785612
1253,@p_tolmasquim
1254,@Heber84259709
1255,@petersongomes18
1256,@silvania_altoe
1257,@lubr1
1258,@FabrcioMadeira3
1259,@Isra_Tov
1260,@Reidealmeida1
1261,@BomfimAuro
1262,@carloscigliano
1263,@valmiralmeidas3
1264,@RamonLo54522159
1265,@ricardomrleal
1266,@MiguelF21041851
1267,@JoaoJokeim
1268,@Cacaucllopes
1269,@ericksonklein
1270,@NormaSi51487125
1271,@torquatoale
1272,@mccurral
1273,@Vineduardo17
1274,@joeypodre
1275,@gomes387
1276,@_oldisa_
1277,@romukacardoso
1278,@NeoCoutinho
1279,@fabiofiebrantz
1280,@BridiEder
1281,@Leonard30848055
1282,@avibebert
1283,@netorzd
1284,@PLinPortugal
1285,@Miranda16Eder
1286,@Roberto69768435
1287,@VcNoViuNada1
1288,@BETOPIRA1914
1289,@slapropvc
1290,@SambaLeka
1291,@JoseBarrosViana
1292,@neduardofrias
1293,@GildeOliveira14
1294,@neymardasinuca
1295,@Vagnercpj
1296,@Ronir05929010
1297,@AndreLu33947272
1298,@LuizSalustia
1299,@zeroig
1300,@sthelaBertoloto
1301,@mvitorodrigues
1302,@NickyGrosch
1303,@WelberSoriano
1304,@fitoro
1305,@MiguelRegiSilva
1306,@LaChicaArdilla2
1307,@inconsincero
1308,@Jeferso06729262
1309,@Paulo31526928
1310,@Vieira2La
1311,@7__SNAKE__7
1312,@Aguiasemrumo
1313,@carlinhossexy
1314,@AxlZurc
1315,@rainha_absurdo
1316,@yenra58
1317,@SilvanaPradella
1318,@alty_tv
1319,@FacanhasXbox
1320,@NathalieFaby
1321,@viborgespsi
1322,@ZeNabo1974
1323,@DrDias4
1324,@dariendemon
1325,@alexsandro0505
1326,@Ana82750605
1327,@monicaalbanese8
1328,@apenasinsanos
1329,@MarciaG71078781
1330,@mary_braga25
1331,@sailormen75
1332,@nazira_fonseca
1333,@Veloso24
1334,@filipepw
1335,@3lingua
1336,@Abcdefghugo
1337,@DirleteP
1338,@LeandroCaires9
1339,@fabriciogomes28
1340,@FabioDaros4
1341,@Carlos1FHC
1342,@CapitaoAte2026
1343,@AmaraoErik
1344,@Claudetebo
1345,@missisafernanda
1346,@DumaCarlos
1347,@Morc3gao
1348,@JessSusiMaraHd2
1349,@BaumgartSamuel
1350,@RictpaxisDami
1351,@rodrigoleite110
1352,@xxxxxghhf
1353,@elizianaeduardo
1354,@RoMRGe
1355,@LffCarlos
1356,@JMBRobot
1357,@VeluSilva
1358,@geni31475461
1359,@DrRisadinha
1360,@hericad22155516
1361,@jasdeepkh
1362,@Benedit31878741
1363,@leandropancote
1364,@Vanessa28180380
1365,@CelesteRana65
1366,@AlexxInterino12
1367,@CheickD37040311
1368,@Ecsantos17
1369,@Lourdesregina
1370,@marinasukazo
1371,@1pretty1vacant
1372,@Sutilecirurgico
1373,@alberto_q22
1374,@AdvVandeir
1375,@joquari
1376,@LaedioMendes
1377,@etorresoficial
1378,@Tweetando12
1379,@JAugustoDias_
1380,@bobbyus_b2bedge
1381,@Marcelodijon
1382,@MoiNath15
1383,@AlessandraMaks1
1384,@emy_john12
1385,@JorgeSi51530010
1386,@Dutra1Lilly
1387,@nandopgoncalves
1388,@Pontes3Mario
1389,@David_M_Neves
1390,@silva_age
1391,@JpMecanismo
1392,@Joaohpr
1393,@JuvencioEder
1394,@bolsogers
1395,@PiotrKr17117329
1396,@anjodepapeI
1397,@anandacajueiro
1398,@amarquet
1399,@nino_freire
1400,@Rafael_0_Grande
1401,@MonikaStefaska8
1402,@Leonard07920213
1403,@ClaudinhoRio11
1404,@ArthurVrau69
1405,@avilaaaaNFT
1406,@ThiagoM30842525
1407,@Samuel68237000
1408,@isaias_rj1990
1409,@PhchvsFc
1410,@JonasRFaria
1411,@Kovinsk
1412,@Damadeferroofic
1413,@MonicaJ77521019
1414,@nandacal
1415,@lobaofpessoa
1416,@DimasFlausino13
1417,@sempoliticagem2
1418,@SantosEliabe
1419,@JonerHermann
1420,@JairRockNaro
1421,@regis579
1422,@RobsonCupertin7
1423,@apoiopatriota
1424,@gilsinho1
1425,@Rogerio60874699
1426,@LuccaLudovica
1427,@paulatuono
1428,@Thomasshelby737
1429,@Guilhermandos
1430,@ledushe
1431,@prestes_jacira
1432,@doragouvea
1433,@VitorBatata
1434,@zeusruh
1435,@fdaia1
1436,@Rodrigues4lves
1437,@wederalex17
1438,@dorinha_dutra
1439,@MineiroMG2021
1440,@FantasmaM3
1441,@DruStevenson
1442,@angela_nespoli
1443,@saulchristos
1444,@dopinga1
1445,@RAH_aayush
1446,@pati_marins64
1447,@julioitbra
1448,@manosgamers3
1449,@paulofilippus
1450,@Ivani_Ivani_I
1451,@GDragoRS
1452,@Elias_terto
1453,@Robson05379817
1454,@AbelardoC13
1455,@Lucio94097861
1456,@lima_gelton
1457,@MariaMadureir10
1458,@AnneMarySoares
1459,@Marcc71157791
1460,@MarcoMtonis
1461,@repentBrasil
1462,@Adriano74203504
1463,@PedroHe79337961
1464,@Saulanxa
1465,@maggye_c
1466,@AliceRo14615657
1467,@Bonororeele2022
1468,@My10814623
1469,@rezvieira
1470,@Danijak17
1471,@OficialdoAraujo
1472,@bethxerem
1473,@Meirelesimoveis
1474,@Renatoadv2010
1475,@NerisJunior1985
1476,@FeministaSince6
1477,@JCetico2
1478,@DEBORAc93450823
1479,@Alexandrovt74
1480,@marylun_
1481,@NuBrasil_
1482,@Nuno_M_Mariano
1483,@ForexTiozao
1484,@PPisoli
1485,@anamariafonsec
1486,@artur6768
1487,@Ricardo33766132
1488,@monianfontes
1489,@EmmaLilly__
1490,@malumello16
1491,@edsonluis0902
1492,@batca666
1493,@ReNiDaDaM
1494,@CatarinaHofer
1495,@florentinocjoao
1496,@IPonchirolli
1497,@isaelcoelho2
1498,@lucililem946
1499,@alfeugularte
1500,@R0V3r
1501,@ElivanVaz
1502,@VirusChines1
1503,@sampaio_tamil
1504,@AndersonMiudo
1505,@dadovi
1506,@patrici44856741
1507,@Reginal75208602
1508,@robertagregorio
1509,@AdrianoJaguar
1510,@rsmento
1511,@VladimirPutinMI
1512,@JamesFBuckley2
1513,@troopers2121
1514,@anabssantoz
1515,@ERICDEMELOSILV1
1516,@natachaornellas
1517,@GilmarDM2
1518,@ruberval_vieira
1519,@KidCubatao2
1520,@gragiacometti
1521,@Dionesantoss
1522,@MARIALUCIADEM11
1523,@Marciohac
1524,@wmairink
1525,@Science_Sama
1526,@VeraVillar1
1527,@romariops360
1528,@CURIOUSreal1
1529,@MarcosBenther2
1530,@Leonel6491
1531,@izzojr
1532,@HelioNato
1533,@AnneteSoihet
1534,@PintoIlda
1535,@_Vniciussouza
1536,@FilipeAlllmeida
1537,@Geisa95293717
1538,@pilelita
1539,@NobregaIlton
1540,@fabiobelemsp
1541,@Frederi69762333
1542,@andrecdforyou
1543,@Pisbli
1544,@DecoRod
1545,@CarlosEAVieira
1546,@deleipires
1547,@Alberto_Dias_40
1548,@JancerCunha
1549,@josuel_castro
1550,@cbtjavali
1551,@didig007
1552,@walterbarboza_
1553,@CarlaPatMG
1554,@Allanmelo07
1555,@ONDERSON4
1556,@aticopor
1557,@Clepoca1
1558,@CarlaLo71487949
1559,@Hedivardo1
1560,@izisls
1561,@osmar_ger
1562,@charllesilha
1563,@SimoesMaciel
1564,@andersonhoje
1565,@JJ05415595
1566,@CarlosG82785363
1567,@BMenezesSantana
1568,@EuniceJordao
1569,@Evandro_Lippi
1570,@norte_direita
1571,@sofia_florarau
1572,@BOSS__AC
1573,@lcsato
1574,@telminhareis
1575,@Pedro0Hique
1576,@MunizMatos
1577,@JacielPaulino
1578,@eimariasep
1579,@EdsonRios92
1580,@DavidCa1407
1581,@porto_glaucia
1582,@areis73
1583,@FernandoBRMA
1584,@Amoresvidafeliz
1585,@thb1979
1586,@Ard_1914
1587,@talomago
1588,@PinaAnilton
1589,@MARCIA72425706
1590,@catoliconomundo
1591,@JanJakub16
1592,@joaosilvayoga
1593,@Dinitchas
1594,@helena_jelinek
1595,@mcrossaxe
1596,@Anderso36089933
1597,@wkrawcz1
1598,@Kadubh32
1599,@EudesMartins
1600,@GouveiaOruam
1601,@EmanuelMuller66
1602,@CelsoPinheiroS1
1603,@HekkeLFC
1604,@OMainYasuo
1605,@WegdonP
1606,@Clerisvaldo15
1607,@aurorathesix
1608,@spacefeudalist
1609,@FelipeS63758747
1610,@gremlinspe
1611,@CaverinhaFUT
1612,@FabiaBraga7
1613,@SrtaLee123
1614,@tulio_emiliano
1615,@Lejla97040686
1616,@rosa76michelle
1617,@rafaribeirinho1
1618,@jeremyaston7
1619,@betaloe
1620,@Rodrigo2008_
1621,@menguimedeiros
1622,@AnaPatrcia2022
1623,@MateusConta20
1624,@pjvribeiro
1625,@silvanabuschh
1626,@Lex69090965Lex
1627,@AndreSouzaOBJ
1628,@InubiaPaulista
1629,@PsiquitiuVemCa
1630,@reilenao
1631,@sofia_pica3
1632,@GeorgeAMarcos
1633,@Walkiri87580154
1634,@LuizGonzagaSiq1
1635,@AlfredoEdney
1636,@Ricardomassadas
1637,@TicianoMatos74
1638,@Likenoo09925711
1639,@RaquelBomfim4
1640,@DRNOTICIAS1
1641,@VitaSayonara
1642,@leobftw
1643,@vanessalippelt
1644,@JoseDam80359334
1645,@AlineOl35058831
1646,@OmarValente14
1647,@Cantaking93
1648,@ValerioCorrea2
1649,@BetyHamer
1650,@Vagner40526635
1651,@guitarra_pt
1652,@bifebololon
1653,@ElaineG16
1654,@flashgordon725
1655,@RogerDRamoz
1656,@realJeffersonCB
1657,@NILOLEMOS3
1658,@pedrolmteles
1659,@DaianeDMunhoz
1660,@mairavalente
1661,@AngelaMalheiro
1662,@naopague
1663,@anglica_m2
1664,@_seramesmo_
1665,@Moutinho82Bruno
1666,@LittleMarcelly
1667,@joao_f_pereira
1668,@simonearaujolo1
1669,@3M4NO
1670,@JoaquimAssumpo2
1671,@EloGomes5
1672,@mfelipersantana
1673,@jardinsSementes
1674,@HrculesFreitas8
1675,@DrAugustoMoura
1676,@DSLDsuper
1677,@Twito12817882
1678,@rhonda35020200
1679,@DavidCan2002
1680,@No33298002Pedro
1681,@Cat_Cibras
1682,@NrTwiitch
1683,@Nuno_CFerreira
1684,@L0llyDantas
1685,@LinguaDeCamoes
1686,@JohnySantinii
1687,@vdpE
1688,@silvanarfcosta
1689,@MJS677416621
1690,@GamaGama2022
1691,@malu_psi
1692,@HenriqueRio1
1693,@Luciano70177694
1694,@connieusabr
1695,@Fabi_TFM
1696,@ViniRezende
1697,@leoleonlardolel
1698,@Paulo17Juliano
1699,@LopesbrW
1700,@GracaMGalvao1
1701,@jao_zanelato
1702,@AmavelNegritude
1703,@greenmaryblue
1704,@Emafit1
1705,@AfiPinho
1706,@RogerioR1968
1707,@Ruben6Rodrigues
1708,@penelopa_gruz
1709,@IrynaShev
1710,@mmichael3
1711,@MariaDa44743590
1712,@dorispellerin2
1713,@saintmichel77
1714,@jfabiosp
1715,@MriamFerrazMor1
1716,@LucindaLakes
1717,@Hemily_ofc02
1718,@Taglialegna
1719,@GracielaBerton4
1720,@Elaine62583043
1721,@1972serg
1722,@annebrandolani
1723,@Daniel_Gamer_PT
1724,@Cheyne3Carol
1725,@PauloSa99726076
1726,@ZiorkoMazur
1727,@Benedit59023263
1728,@FloksHp
1729,@arannisdruid
1730,@JusticeiroBR6
1731,@tecactba
1732,@jorgsenra_
1733,@Riclucas1977
1734,@sergio_mayrinck
1735,@ClaytonVilarin2
1736,@HDuagro
1737,@LeaoSamuel98
1738,@Jakui11
1739,@RealGelasio
1740,@AndersonIzido20
1741,@Suzana02385043
1742,@VictorCaiano1
1743,@A77Lopes
1744,@kaboandre
1745,@nascimentovitor
1746,@DanielCardooso
1747,@Ralfi138
1748,@Antonia35046533
1749,@TobiasUrso
1750,@valdirtozatti
1751,@lumoherdaui
1752,@ribeiro519
1753,@cassao
1754,@AryaRaksha
1755,@janeram04257960
1756,@Abraham48072892
1757,@jovemchristh
1758,@Maicon_0717
1759,@WandrylS
1760,@DayseRamires
1761,@AnunnakisHelp
1762,@Ana87617143
1763,@Cavalokkk1
1764,@carapito
1765,@SEP_deniscarva
1766,@Nanda_Allvees
1767,@GabrielIaderoza
1768,@Haddad20224
1769,@SentoSestosento
1770,@AugusteVaillan2
1771,@labugaclown
1772,@joaoncardoso
1773,@fracisel
1774,@Jessesilvalopes
1775,@syvitale
1776,@Marcosaborto
1777,@0ravl4
1778,@ingridmaria58
1779,@RjbRocklin
1780,@Orchideas007
1781,@rafaeld97863534
1782,@mmarcoscwb
1783,@BLACK94930160
1784,@AhmetAr88311825
1785,@PauloFe93467926
1786,@Jamfuracaoyaho1
1787,@Samir_Coutinho
1788,@Vika8081
1789,@cleverson_rego
1790,@Guimk2
1791,@BlogDoTato67
1792,@astianax00
1793,@Adaumir
1794,@PatriotaDoBR1
1795,@LusTava73056253
1796,@Antonio81031595
1797,@jordanwalden3
1798,@Danielly331725
1799,@zsul_td2
1800,@chiappettalismo
1801,@MarceloLopesSa5
1802,@mariadorozario
1803,@patervilha
1804,@LeonelC65898064
1805,@Polacskboard77
1806,@MateusGR18
1807,@rossanaramosjay
1808,@ElbaValle4
1809,@renatoplima7
1810,@MORO20225
1811,@renanbleandro
1812,@CAIPIRADOBRASIL
1813,@Fernando__Gomes
1814,@CarlaSilvaPass4
1815,@reginacortesc
1816,@adriana_jaddy
1817,@demirtrb
1818,@jakyzorg
1819,@davide14868
1820,@TudoDeTodos2
1821,@AAH_NAPAULA
1822,@Bhagwasevak
1823,@GMacedinho
1824,@EdsonAn22088124
1825,@fabio_junior81
1826,@invisible_59
1827,@CrimsonRevenge_
1828,@benskylab
1829,@jordanportugal
1830,@honey_uje
1831,@danielanajanela
1832,@MJuncks
1833,@ReisIngridjf10
1834,@Marcela62199805
1835,@arturlcampos
1836,@GojushihoD
1837,@elfasaybr
1838,@vinimagrini
1839,@MessiBernar
1840,@edu_br
1841,@mpalme_
1842,@Meander72460686
1843,@Guilher04463262
1844,@sousacardosoj
1845,@marcioabarroso
1846,@DanielC65430171
1847,@Simone952622641
1848,@PeglowRosangela
1849,@Nenarosa3008
1850,@silvior71406495
1851,@_x7rg_
1852,@VictorFelype10
1853,@_hiagoreis
1854,@AntiModerately
1855,@Evert0nPeixot0
1856,@Fabioxavierpe
1857,@alissonmoraisrn
1858,@djdias10
1859,@LauroBaptista2
1860,@lucas_Cherro89
1861,@alSaad05
1862,@Gracia7Estella
1863,@chnetto
1864,@IsmaylleT
1865,@MarquesAndrade9
1866,@Lbolsonaro41
1867,@aochiai
1868,@ErnestoMilagre
1869,@Samuel_Dalmas89
1870,@correia_isaura
1871,@2Bonjardim
1872,@AlexMilani9
1873,@gianprivitera
1874,@KarinaDianaFer1
1875,@Betalinda34
1876,@walderrocha
1877,@fabriciofe12
1878,@dfpatricio
1879,@PatrciaParra1
1880,@Ari1junior
1881,@Antonio2022B
1882,@CeliaGusman2
1883,@cibecchib
1884,@fatimadias21
1885,@XandyOAlves
1886,@Nand0Trindade
1887,@lesarmol
1888,@Brunogarmin645
1889,@Leonard03730651
1890,@RuiLimaPereira
1891,@DotUkomo
1892,@AnneMar34703011
1893,@reputinho
1894,@Wanderley
1895,@MariaLealCoelh1
1896,@jboscooidj
1897,@DosPesao
1898,@MarceluEua
1899,@palomamarianoo1
1900,@jeane_da_silva
1901,@PatyWinchester6
1902,@RonanBotelho
1903,@valevoigt
1904,@fotos_martins
1905,@BoaVent04248953
1906,@v18472025_vaz
1907,@AmandaLoveUK
1908,@canatovitor
1909,@car0lzita
1910,@Kat2021M
1911,@GenitosDos
1912,@FFiglie
1913,@IanSmith_HSA
1914,@marialucialeite
1915,@deepgoti1
1916,@SusanaM99490641
1917,@09Babacu
1918,@BolsominionDa
1919,@etebaquara
1920,@zezaLulaestrela
1921,@MBckupacct
1922,@AliMoha14985994
1923,@SherlockMoro
1924,@Emaise
1925,@JooAzev47154469
1926,@PatriotaOnline
1927,@Evlenlawyer
1928,@Deyvison_Mota
1929,@LSC00243927
1930,@zacaratt1
1931,@raulchristiano
1932,@adrianabechara
1933,@RFJacobus
1934,@danljjoo
1935,@ggarpi
1936,@gui_joker
1937,@davi_7308
1938,@nivia_karine
1939,@evertonwnzl
1940,@juniorjf33
1941,@oliveiraneto666
1942,@BaldaciniAu
1943,@ozneisam
1944,@IuriTendinha
1945,@TheRealDemonSq1
1946,@KleberDantas11
1947,@WildWestBabyBat
1948,@danielgomesang1
1949,@acordamanos
1950,@arqgianotto
1951,@laubrotos
1952,@aboutwind
1953,@sombiro_bass
1954,@srdenisborat
1955,@repacheco83
1956,@jackson_gustavo
1957,@SimpleLucidite
1958,@FerminVallejos1
1959,@Gabriel96815658
1960,@blcampolina
1961,@Sabrina23673621
1962,@jnascim
1963,@SrtaSBFonseca
1964,@vitin_kk
1965,@lolatrivella
1966,@farto_disto
1967,@KZpunkurt
1968,@IzaMDJ
1969,@BizerraFernando
1970,@CrisLiubliu
1971,@RMUTO_
1972,@Athosantos22
1973,@angeloAKQJ10
1974,@MaurilioAyrton1
1975,@CarlosE10359267
1976,@LucasCoinBit
1977,@_ebr7
1978,@A_PESTE_
1979,@_onurbBR
1980,@BrunoCastror2d2
1981,@ChristpherGFran
1982,@MRao1802
1983,@prof_lucianaf
1984,@news_guerra
1985,@edson_oliveiraa
1986,@WesllenQS
1987,@JorianCarvalho
1988,@luzia74992679
1989,@PodCafezinhoWL
1990,@guii_k3
1991,@gpjuris
1992,@Elam1
1993,@jm_bassplayer
1994,@Pedro_DoContra
1995,@MagazineIdeam
1996,@MicaeleCamposD1
1997,@morena_florrms
1998,@JeaneSo67014309
1999,@anarfgomes
2000,@lajotaquebrada
2001,@Anonimickey
2002,@aguedescartoon
2003,@EsperancaAl
2004,@azazGTA
2005,@LucasBommel
2006,@KatiaFerrer
2007,@bruninho_music
2008,@TatyVianaborges
2009,@ricvandevour
2010,@Futigami
2011,@Gustavo_Jaime
2012,@GPlacce
2013,@Ricardocm
2014,@AndersonBento9
2015,@narcay27
2016,@Rapacspbrglobal
2017,@87Adilio
2018,@jessikkkaaaah
2019,@lauraecl71
2020,@sbrjjo
2021,@cbaladepre
2022,@brunocid1
2023,@EsquerdaBrasil2
2024,@AlerquinaHarley
2025,@Ronaldo_uber
2026,@gatewaycar
2027,@CarlaCa11014026
2028,@KoscakEduardo
2029,@PedroSo50573623
2030,@isaweeknd
2031,@welmelo
2032,@CamillyJoly
2033,@Edsonnegobom3
2034,@JosmarSouza9
2035,@Vitorvitorvit12
2036,@sergiowander
2037,@eovucvuc
2038,@Kanazunitaon
2039,@sandrofunk
2040,@Ronaldo38636531
2041,@Thais_19950
2042,@hygocarloss
2043,@DuenteVerde3
2044,@rosasilvaSilv14
2045,@lfccoleed
2046,@JeanJun12105808
2047,@rockydebem
2048,@fc_luanaticosi
2049,@wdouglas93
2050,@everywheremaddd
2051,@clarnt
2052,@well__sep
2053,@natalia1francis
2054,@3979489Jeferson
2055,@AyitiKirikou
2056,@politica_estilo
2057,@RosemayreFerre3
2058,@MarcusVNPontesD
2059,@tavaresleu795
2060,@O_Majkella
2061,@eerickmelo
2062,@_thiagomathias
2063,@MauramoulinNeo
2064,@carla_reino
2065,@WilliamCA94
2066,@Maraisalima
2067,@LuizZanin5
2068,@SusanaMCaldeira
2069,@MonicaPonzi_
2070,@seladadefruta
2071,@Garuma090
2072,@profDanielaA
2073,@josidesamparada
2074,@rogeresposti
2075,@RDougla26972312
2076,@danilogar77
2077,@IvonaldoAlmeid5
2078,@CrisWilde4
2079,@ProffTiago
2080,@CludiaTallaric3
2081,@AparecidoSilva
2082,@tpaes23
2083,@pccuppoloni
2084,@CoimbraRoque
2085,@Mais_um_Cara
2086,@sethoficial7
2087,@Cilenecardoso4
2088,@SherylBR549
2089,@Marverik12
2090,@jucarminato
2091,@MiguelLus6
2092,@AbdelBelmrabet
2093,@ginicaraza
2094,@KatiaMicaela2
2095,@gustavinhoogran
2096,@Donizet75745187
2097,@IrinaMachado2
2098,@fundaciontwiter
2099,@ricardopiantino
2100,@Lucasparabellum
2101,@ClodomirFronza
2102,@silas_sousa_
2103,@leandro00891
2104,@ritchhelly
2105,@CristinaRdeCar2
2106,@H2orique
2107,@JosimarLeal14
2108,@YinYangRN
2109,@HelenaCris40
2110,@ValeriaAlenca16
2111,@estoudeolho
2112,@anaaporfirio
2113,@Wayawaya87
2114,@WimVanDeventer3
2115,@rodrigolucheta
2116,@jedielson23
2117,@jcdfRibeiro
2118,@EllenChaves123
2119,@Josfern12
2120,@Fernand10491307
2121,@clpcamara
2122,@RianOli37226847
2123,@DamnielaG
2124,@Antonio06485659
2125,@mrCris_newone
2126,@JhonPack001
2127,@FernandolucasO3
2128,@Bittencourt_95
2129,@sm_cleide
2130,@Luciano45592426
2131,@edsonejesus
2132,@CamilaV99630126
2133,@tcarrondo
2134,@ReynWood2
2135,@Marcelo65712832
2136,@ojala_de_fua
2137,@renner_mnhos
2138,@CDTondela1933
2139,@Josimar89788272
2140,@ruan_cont
2141,@Cristianog1699
2142,@__Neirin__
2143,@Claudio50506289
2144,@paulo_cafofo
2145,@Bishop_VO
2146,@MikaelCLF
2147,@GeisonSiqueira1
2148,@rosana_celi
2149,@ConnectionGeek
2150,@aurora__9
2151,@DoidaoSlim
2152,@SeArlindo
2153,@MassimoFamularo
2154,@RodricBolsonaro
2155,@Gil75174883
2156,@JuracyrA
2157,@SilversMatos
2158,@Nationatus
2159,@caninemomcaren1
2160,@oiaprocev
2161,@SonyaMarybel
2162,@JorgeBarnabe_74
2163,@reisfp_
2164,@ManoelX
2165,@molinaYarima404
2166,@Smsr57064284
2167,@Urubuzinho12
2168,@LigiaMauraCosta
2169,@Lorenzo97167336
2170,@Toninho08960014
2171,@afonsogcsilva
2172,@desinfluenciei
2173,@LeonDiniz6
2174,@Alexdio
2175,@BlckSwncpital
2176,@Zarita_Malik
2177,@Patrick_Fukuda
2178,@WgonSilva
2179,@MarciaZoRamos1
2180,@CarmenP32597671
2181,@jvaspawn
2182,@William04806177
2183,@Noobmaster69rld
2184,@Flv73547666
2185,@Nevsky1945
2186,@virginialealde3
2187,@Sher19781860
2188,@Jonatha15083143
2189,@MQuarties
2190,@nailizarbxov
2191,@thiavarella
2192,@p_cavalcante
2193,@GuilhermeAdePe1
2194,@ZeRenato77
2195,@luigbatt
2196,@FradeMoro
2197,@JonasMengarda
2198,@JimmyJonnnyfla
2199,@pcoutooficial
2200,@Helenafinatto
2201,@JoaoLibidovic
2202,@RGuianze
2203,@jorgeatoji
2204,@CAQuelhas
2205,@JosAntn70295004
2206,@C519Lc
2207,@paulopudim67
2208,@rodrlea
2209,@gturbiani
2210,@Val71828792
2211,@BiagaVasques
2212,@JreMontfort
2213,@O_Auroox
2214,@Guico1974
2215,@loraodi
2216,@Leandro_barc
2217,@LuanLara17
2218,@MateusGaronix
2219,@admar2009
2220,@TeresinhaMendo2
2221,@CentroSandalo
2222,@mid0r_
2223,@RevistasMulti
2224,@antoniocorreapf
2225,@mariosergio
2226,@ThiagoCabralNL
2227,@LucasValeFerre1
2228,@tamojuntofi
2229,@ribaspaulo
2230,@claudiacoment
2231,@PatyProcopio
2232,@mariaviei1
2233,@tiazonadopaveh
2234,@scoobdool
2235,@nandolms
2236,@rafagfe
2237,@WanessaCamargos
2238,@paulolescaut
2239,@JoanaTwice
2240,@bebellaaaaaaaa
2241,@84_guedes
2242,@AA62928990
2243,@imgitortorelli
2244,@SocorroCostaCa1
2245,@monik_serra
2246,@cjmnassiffe
2247,@kokitelmolotov
2248,@ElianaORSdS
2249,@JanaSCosta
2250,@Geanecerqueiras
2251,@rsaavedr
2252,@camilo8_gustavo
2253,@albertoniramses
2254,@afernandaclara
2255,@andre1081
2256,@JohannaLadybug
2257,@EvolutionSppr
2258,@LuizCarlosPen13
2259,@ClaudiavSantos1
2260,@MarceloLira_ITZ
2261,@Sergiobs3216
2262,@BiancaMachadoM1
2263,@Juklios_zika
2264,@sandrro3_MB
2265,@Hudson61804711
2266,@souza15_joan
2267,@vanadias
2268,@Aleksan81240664
2269,@M1983Mav
2270,@LRoger_Arq
2271,@JcBw13
2272,@Afonsobolcombr
2273,@lessa788
2274,@JuMagalhaesBH
2275,@brwaldes
2276,@Jlia58157821
2277,@paulacostapc
2278,@eafeliks_felix
2279,@Suellen38916936
2280,@Fernando_Pfsm
2281,@Veramar1967
2282,@ZBombazar
2283,@Oli807
2284,@rodolphocortez
2285,@fermagnotta
2286,@caioromeiro
2287,@KtiaDelgado1
2288,@ZampieriGilmar
2289,@Cardosoelisabe3
2290,@ZHenrique6
2291,@Ricardo57568009
2292,@Berselli
2293,@otreborreal
2294,@ajulysantos
2295,@padre_sandro
2296,@PadreSandro2
2297,@Leanderson009
2298,@Isaiasbrretobjj
2299,@JoaoAme032530
2300,@diegorodrigo10
2301,@Francis69125123
2302,@Marcos_Cesar_BR
2303,@lipeomset
2304,@nivasouza
2305,@Carlos26056456
2306,@MarcioGreporter
2307,@OrlandoADVGEORJ
2308,@Guidomuniz1
2309,@peresmau
2310,@DoEvill
2311,@fey_photeine
2312,@RaquelF60177496
2313,@AntnioMalavolt1
2314,@Jamesbg01
2315,@Ramom__Cabral
2316,@manaiteixeira
2317,@Martasi08746958
2318,@Pat7alves
2319,@arrobaalcantara
2320,@Sandrinha_1979
2321,@d3p3s
2322,@Elliot88052525
2323,@MarcellinhoAS
2324,@GaravelliBruno
2325,@lizgregam
2326,@Dann_Cker
2327,@euzanacarvalho
2328,@WagnerTerzi
2329,@AndradeMarque10
2330,@marta_re_belo
2331,@Felipesouzzaa20
2332,@luan_neves
2333,@antoniofortal
2334,@Gilbert27238331
2335,@tukakubana
2336,@ASuzukico
2337,@AnalfabetaFunz3
2338,@vinciusadep
2339,@jabaRevoltz
2340,@damiao_dc
2341,@SimbadGremistao
2342,@RPasserine
2343,@coelho_anti
2344,@evelozaf62
2345,@ana_stefan
2346,@Nina5731757912
2347,@MarceloGuu
2348,@WesleyTenutti
2349,@LimaDayselprof
2350,@PelissariF1
2351,@nortonlimajr
2352,@jackyIakovenko
2353,@amar_sansilva
2354,@aecio141
2355,@KrisleyCNascime
2356,@mbbougleux
2357,@twinkxoli
2358,@LuisAma42671474
2359,@JoFerreira71
2360,@duarte_geovania
2361,@vidigalbarbosa
2362,@monicavdqs
2363,@SebastianSf30
2364,@YolandaSeara
2365,@HerminioCerq
2366,@AnaVitoriaLBarr
2367,@SavageLolish
2368,@IngridTretas
2369,@ProfAlePorto
2370,@fracaro_cris
2371,@MariaCo35615270
2372,@VA_Dibs
2373,@FelipeL42349816
2374,@amopatudos
2375,@GleysonHenrique
2376,@villarenatinho
2377,@ghabrieltt
2378,@RogerioMG01
2379,@hillsongueirofc
2380,@menlaiyes_
2381,@JosAugusto94
2382,@danielwmp
2383,@kisscla76
2384,@_Delfino22
2385,@adoum_kayai
2386,@ClaudioPani72
2387,@anacwb76
2388,@V18488396Carlos
2389,@empresariojoao
2390,@keia75394139
2391,@AudiRodrigues
2392,@JPMALHADO
2393,@IvaniOl39785811
2394,@Emerson93269311
2395,@JUALVIM
2396,@SandraA35134651
2397,@JosCAmaral3
2398,@PrAntonio72
2399,@dioglisses
2400,@DaTerrugem
2401,@GuiniClaudio
2402,@VangelisVanesso
2403,@Patrick25476688
2404,@janderleydos
2405,@ptfreire
2406,@V76668985Miguel
2407,@hugo_jean
2408,@law32969781
2409,@PaulinhusLima
2410,@CCavernabr
2411,@Kuldeep80986090
2412,@Cristin86358624
2413,@paulosilas380
2414,@ecinholimaa
2415,@ruben_usa
2416,@VacasCarvalho
2417,@madahirosse1
2418,@Nunoftp
2419,@AnonymousDefesa
2420,@Nezzi77
2421,@supervinhos
2422,@AlagoasReal
2423,@Kai18206221
2424,@afj_juninho
2425,@olkainthewoods
2426,@GuilhermCarriel
2427,@RodrigueJorge
2428,@chikamoreira
2429,@arnaldolima50
2430,@elijah2021clash
2431,@GustavoSetti7
2432,@CantiiSandra
2433,@OliveiraDairon
2434,@Anprimotomano
2435,@marcin_mie
2436,@OziasMacedo
2437,@trai_jader
2438,@Gael157mare
2439,@sivaldodosanjos
2440,@julianabuenosi
2441,@gmajella66
2442,@caragualucia
2443,@KCalegaro
2444,@JaiKishanRai2
2445,@MetaNFTs6
2446,@berith_santana
2447,@Pauloeuaqui
2448,@emoutraspal
2449,@Tatinge1
2450,@JooPedr56009852
2451,@ruysanbis
2452,@Christa70381443
2453,@Karolck5
2454,@carloscottafox
2455,@OiReginaPepper
2456,@matheusperez151
2457,@Michele_POA
2458,@Jaqueli69421574
2459,@crisalm54033431
2460,@Ricardo_8P
2461,@KISHU_INU_
2462,@DelChavo84
2463,@MarceloMeg373
2464,@flavinhapires
2465,@Raquel_Rodrigu_
2466,@fmchiquinho
2467,@TitoEverets
2468,@SparKnt_sn
2469,@KarinaA20806759
2470,@Diegochagasb
2471,@Imnotphill1
2472,@Douglascamargoc
2473,@elidiojr27
2474,@CezarNog
2475,@GenoefaEmilia
2476,@AAlvesksi
2477,@Dirseia1
2478,@ContraHami
2479,@brcddsa
2480,@NormaFe52557191
2481,@luxrosalux
2482,@AdegafilhoFilho
2483,@gustavo47015150
2484,@Rodrigo75610571
2485,@djqueirozmix
2486,@SukhiMattu
2487,@michaelsonadv
2488,@TransBbb
2489,@ConjaDa
2490,@KarlEisfeld
2491,@ledabiana2022
2492,@AnaCantiga
2493,@adana_mah81
2494,@alves_aribeiro
2495,@Armando01965240
2496,@LUCASSMART
2497,@margarete_tat
2498,@vanezasf35
2499,@kikipenna
2500,@TruthSociall
2501,@MiguelM09699722
2502,@EdinalvaGonalv4
2503,@GoltaraDiego
2504,@walfraniobrasil
2505,@kapetiiNNo
2506,@RisdonShawna
2507,@Vas50894314
2508,@nobrega_reis
2509,@InariOkamiS2
2510,@sllamasmoreira
2511,@pauloalop
2512,@garciaabravoo
2513,@Tanjerina__
2514,@GladsonMariz
2515,@ValNinaafloor
2516,@pqdguedes
2517,@Jeffers85212829
2518,@Adriano75927443
2519,@SilmaraDiasMar1
2520,@dragaoruiamorim
2521,@cervejakaiser
2522,@JeanCar15560709
2523,@Celsopesce
2524,@conflitodark
2525,@pauloba22782322
2526,@fabinho2007lfbb
2527,@Jeffers75489937
2528,@a_lima74
2529,@yosefneto
2530,@mavo_rh
2531,@fbocosta26
2532,@JooPontess
2533,@Sabrina84747607
2534,@luis_marrama
2535,@Ali020222022
2536,@Venclvel
2537,@corinthiianismo
2538,@GersonA22318693
2539,@21nimat
2540,@adeilton_ilton
2541,@3threeunfo
2542,@JorgeSilva81408
2543,@canja6oretorno
2544,@CapllonchElisa
2545,@Alexand82170565
2546,@GregJewishstein
2547,@BrandasseNilza
2548,@Pedro09588178
2549,@Martynlegrand
2550,@JoaoSan17525705
2551,@WashiMessias
2552,@carlosariano81
2553,@Danny46655041
2554,@alec_schuartz
2555,@NataliaLoiola4
2556,@JuniorMalaqui12
2557,@WashLuis96
2558,@Airton07535252
2559,@5150Alvaro
2560,@DiogoBansur
2561,@Marcelo64739888
2562,@mariarita30430
2563,@BeteOli89125947
2564,@NandoDelmar
2565,@strufaldi66
2566,@joaogrcpt
2567,@Wordbird
2568,@giuliazoo
2569,@rondnellymoura
2570,@ReginaReiis
2571,@ofernando34
2572,@Pedroele25
2573,@Digitalevoluti7
2574,@zeamericotv
2575,@PaulaSo53944561
2576,@andreewal
2577,@DonnaPiedade
2578,@orlandogbarbosa
2579,@anantapur68
2580,@JoMelgas
2581,@MozSimone
2582,@bla84563755
2583,@lucialis28
2584,@MclovinMods
2585,@themanofpogues
2586,@Rivadavia3
2587,@AlexanderBrun0
2588,@Gmaraujo3
2589,@belfreitaslima
2590,@leoaviv
2591,@caress_vitor
2592,@diego89goulart
2593,@gilbertonjr
2594,@viajandocrypton
2595,@Filipegomes766
2596,@FVFalcao45
2597,@Klleverton_Reis
2598,@PedroMouquinho
2599,@CrisOnofre2
2600,@jmacorreia
2601,@KazamaAlexandro
2602,@jp_paulinhooh
2603,@marcoscmbarbosa
2604,@MoscowMitch20
2605,@Renascenca
2606,@Roman6J
2607,@cugini_juliana
2608,@M_jrcosta
2609,@evandro_mendonc
2610,@vermelhos_sim
2611,@leo3542020
2612,@DiegoHf1931
2613,@ErickSenai357
2614,@taffpumpman
2615,@Joaquim13742197
2616,@henrikaiowa
2617,@AlessioFerri8
2618,@thimba_waigwa
2619,@michelepierro64
2620,@Elaine88076305
2621,@PatyMoro2022
2622,@ElziraGonalvesA
2623,@JohanneBilodea6
2624,@pepo305
2625,@Ashyrah
2626,@kleber_theodoro
2627,@Marcia33914835
2628,@JAmandioSantos
2629,@Verinni8o2
2630,@RonaldFerrazS1
2631,@sharbatgula123
2632,@Renan_fonseca87
2633,@GleiceAnny10
2634,@amada_patria_br
2635,@WillDib
2636,@Samueld34701806
2637,@Arthurpirado
2638,@Gabriel67807542
2639,@josimarpd
2640,@Lordmaxi1111
2641,@Den_Brasil
2642,@Swrdk1
2643,@Joaquim79732574
2644,@juniorn89053221
2645,@WilliamSilvaCu3
2646,@DanielS70156955
2647,@Dapuma25k
2648,@neidemmaia
2649,@ELZAGGS
2650,@pivetezimn
2651,@AndradeLwigy
2652,@thiago_r_sena
2653,@antoniodigigov
2654,@LL68989355
2655,@DanielaConcha16
2656,@Gentilideboxado
2657,@anthony_sousa_x
2658,@Ulisses58812046
2659,@LenizSouza
2660,@MDuarteme
2661,@FFSininho
2662,@BarbaraDymidzi1
2663,@monkeber1
2664,@DarthVerde138
2665,@Renan89210038
2666,@ThiagoA32902853
2667,@Fabiofrancavas2
2668,@MauroCalonge
2669,@TxinhaDj
2670,@Luciano48202462
2671,@never24198723
2672,@Marvinsan1965
2673,@Vander_Khann
2674,@MarioXpto
2675,@79Ademar
2676,@toutatis16
2677,@reginaivete1
2678,@paulors82
2679,@CarlosC28450128
2680,@IagoCoutinho7
2681,@homemsimp
2682,@DricaCamaraRio
2683,@aquele_mauricio
2684,@Mayron79631134
2685,@roddrigoleao
2686,@Mchizolini
2687,@vocetemumponto
2688,@emiliocleiton
2689,@OdaSabino
2690,@Its_vishal_45
2691,@MTavares1974
2692,@vhscoffee
2693,@zbacteria
2694,@itamarbastos4
2695,@Rgreenghost
2696,@LucidiSantos
2697,@AndreiaBrbara1
2698,@jdudrhgd6587
2699,@Paulaocs
2700,@plantao_jdl
2701,@HotepSun
2702,@pjorgema
2703,@DanielcAlvesjr
2704,@erickrocha2018
2705,@rafaelsantos226
2706,@ingrid_tavares2
2707,@jessicayto
2708,@blogdakhaa
2709,@Rosange33083080
2710,@fabriciorocha99
2711,@CaraioNao
2712,@viciusmg
2713,@waldeniceRF
2714,@ElisaChveidel
2715,@caze1604
2716,@jgmjanaina
2717,@francaluis
2718,@Terezin55670935
2719,@ErikaSa75928841
2720,@SaraFagundesde3
2721,@leo_ssilvavm
2722,@direita_torta
2723,@JooGuer00152599
2724,@mmendes888
2725,@ScarlettMagnaZ
2726,@Yeshua28230785
2727,@ArmandoAmorim7
2728,@Jesuscavane
2729,@dAnngelise
2730,@criolausz
2731,@raizenplayer
2732,@fabiookissp
2733,@KamillaFerraz4
2734,@nem13nem22
2735,@Vitria202157
2736,@MoissSalomoFer1
2737,@R_O_D_R_I_G_O_s
2738,@EuClaudioTiago
2739,@janesilvaminas
2740,@deisedonato
2741,@RosngelaFlores2
2742,@Butcepticon
2743,@EmmyllyNayara1
2744,@Bob__Slaker
2745,@Lynnie01632328
2746,@Unknown64211497
2747,@ErickSilva_CEC
2748,@JvMaciell
2749,@carvalholeonic3
2750,@Carolin88822045
2751,@LocutorLatinoec
2752,@Juliano_Molnar
2753,@freitas_raiani
2754,@AleffOliveiraC1
2755,@Jeframiresmateu
2756,@adrianosantarem
2757,@jooalbe5301
2758,@Claudio39740867
2759,@indios458
2760,@JooCarv98881570
2761,@Freeliberta
2762,@Fabriciosouzaa7
2763,@REOBOT6
2764,@claisu1
2765,@AVALBUQUERQUE
2766,@Rudeus046
2767,@pablo_frk
2768,@chmhenrique29
2769,@ElisaCMadeira
2770,@F3RR4R1RJ
2771,@_Zero_Left
2772,@Pen_no_Gabu
2773,@NunoFlores4
2774,@leszek_alt
2775,@Hamockinha
2776,@Glorinh66427003
2777,@LilianCamargo9
2778,@sci_phy_aguiar
2779,@FaustoVieiraTJF
2780,@claudiolof
2781,@DavidYabo
2782,@Rosesaherk1
2783,@uharteko
2784,@Tomer199
2785,@MaSantosBrasil
2786,@adercyf
2787,@imnotdarkkj
2788,@blueMOON783rt
2789,@Teresasilva72
2790,@jota_pe13
2791,@VipinSi73501030
2792,@FMC__8
2793,@HamidNabati3
2794,@adrianobhavanas
2795,@Franciscobronz1
2796,@Fc7Silva
2797,@Mario87129016
2798,@LcDesignReativo
2799,@EricaAr10746787
2800,@GloriaF15416851
2801,@EderGaita
2802,@elyanedjesus
2803,@Igorsep4
2804,@fiodeescarlata
2805,@lucasadrian86
2806,@ednamuniz85
2807,@22Mah_
2808,@MatheussouzaMA
2809,@salles_jaay
2810,@Alan17Oliveira
2811,@carlaelz
2812,@AnuladoBlock
2813,@AerisAeritht
2814,@eugiovannedias
2815,@GraceLi94131512
2816,@DivinoAlvim2
2817,@1999rocketqueen
2818,@SusaRoblesZ
2819,@Henriqueximu
2820,@Biaejean_
2821,@AmeliaAssis2
2822,@mikepverissimo
2823,@100mpre1000
2824,@RubensJonata
2825,@BartUndDrang
2826,@Leounardu
2827,@Mebexa2022
2828,@HermitPilgrim
2829,@giobbuiar
2830,@magnafigueira
2831,@alemontoni368
2832,@TiagoSantosLins
2833,@AugrinNeytan
2834,@FlaviaVittis
2835,@vnc__88
2836,@LeilaBittar
2837,@caroltaffarell
2838,@souza20009
2839,@AndersonDandy_
2840,@celiapatriciama
2841,@Hlio33647414
2842,@ErickSilvaI997
2843,@lysamith
2844,@Kenneth18814741
2845,@MichaelBitenco8
2846,@LeRock2c
2847,@MarquinhosJnio5
2848,@KppByanca
2849,@Claudio55675391
2850,@marbeel__
2851,@fprissert
2852,@rs_yesu
2853,@TanusEdge
2854,@AngelNessa5
2855,@ArthurDrumond10
2856,@rkmtimes
2857,@layrag145
2858,@rafaelamoraaiis
2859,@Isacfelipe
2860,@BENEDIT27446803
2861,@carcarainsano
2862,@LuizGus83600846
2863,@AlbatrozRS
2864,@adilson_stz
2865,@lata_lek
2866,@brunoygor75
2867,@Xander3P
2868,@DrRodrigo15
2869,@Mikulisange
2870,@_mj_luciano
2871,@GVRCS1
2872,@GalvaoGonzaga
2873,@ValeTeresinha
2874,@KatiuciaOficial
2875,@Mujahid39884426
2876,@SimoneColaoMar1
2877,@LP_Crt07
2878,@julianymusic23
2879,@JoaoBarzel
2880,@MarleiceV
2881,@SSErivelton
2882,@PaiNardo
2883,@PHP23038179
2884,@RitaLaide
2885,@FranciscoGervs1
2886,@Ministeriodomed
2887,@Europarl_PT
2888,@8_monicamachado
2889,@ricjcc
2890,@Weliton51455727
2891,@TaraTracey4
2892,@BUniverse004
2893,@ricardo_celano
2894,@DjGutoOficial
2895,@HonorisEt
2896,@jaicenae
2897,@bicimoveis
2898,@rodrigss3
2899,@kirley_sales
2900,@treyfreire
2901,@andersonviana75
2902,@SobrenaturalRp
2903,@RafaelJAC123
2904,@brunoelton
2905,@Jrsx_98
2906,@rankingdotipste
2907,@Taty7919
2908,@brasil_defensor
2909,@RenatoJacome1
2910,@BoBrunodias
2911,@LouOlive1
2912,@hogsway
2913,@djpaulinhodosul
2914,@Ednfjr
2915,@Adriano88466669
2916,@Dan317el
2917,@RLopezVii
2918,@Ghp_Martins
2919,@alviver
2920,@DougieHick
2921,@BielCast38
2922,@Drasanti
2923,@ISMAEL_LP015
2924,@OUROGOLD1
2925,@GiovanaDaRozaS2
2926,@edineia_h
2927,@JoseCos02806638
2928,@Rodrigo48443413
2929,@cristinarochafr
2930,@HaroldoValadao
2931,@gildorj
2932,@orai5evigiai7
2933,@SuzanahAmorim
2934,@floripaum
2935,@simasorlando1
2936,@MarcoMa98802372
2937,@miuksan85
2938,@MeyriellemC
2939,@OPOVO8
2940,@fsilva_sabino
2941,@Guaipeca22
2942,@Alicegbo
2943,@turboliveira
2944,@MMonjardino
2945,@juliocezzarb
2946,@DavidSilva94T
2947,@Claupdv
2948,@Dionysilva8
2949,@eleninavic
2950,@Marenuar
2951,@ric_sm_trujillo
2952,@LancasterFel10
2953,@JosAlexandreHe1
2954,@FragaClaudecir
2955,@Colosi96
2956,@UEnoBrasil
2957,@PaulinoCamposA1
2958,@Nadasocial900
2959,@MaelyLima6
2960,@JulioHawks
2961,@JooAlve85790131
2962,@Ronanbenvindo01
2963,@Jcdsfloripa
2964,@victorkodama_
2965,@JRjr_
2966,@BeataKrawczyk18
2967,@wagnercalixto9
2968,@OscarCrteReal1
2969,@gislferr
2970,@FradeEliana
2971,@wagn_am
2972,@hibraindeiver
2973,@AMANDALUZIADAS4
2974,@anittaflix
2975,@REGISXFOTO
2976,@aimcmoreira
2977,@CaveiraLula
2978,@PresleyVascon
2979,@odoriges
2980,@joaomiranda
2981,@RomeuCarlos47
2982,@KarlaVi93261762
2983,@Cristin14330445
2984,@gilbertbenedito
2985,@rocha_serio
2986,@RaquelM38190322
2987,@ClaudioDaltro
2988,@SusanaS34008978
2989,@luisamoniz2
2990,@thalesrangel
2991,@deniscastro1504
2992,@BorgesPiloto
2993,@SousaCarlis
2994,@ceellla
2995,@renanvk
2996,@BgsNeury
2997,@amaralnd
2998,@RozelandiaBarr1
2999,@Blackcap93
3000,@dcardososilva
3001,@Haka6969
3002,@EdeltonFreitas
3003,@GraFlavia
3004,@jheinigton
3005,@TVarela4
3006,@HBurningBlue
3007,@CapelasBruno
3008,@pjpmartins
3009,@DeyseFormiga
3010,@Luuuuisttt
3011,@Fabi3nn3
3012,@MateoSimoita
3013,@mairton20145870
3014,@gianluca7171
3015,@_KpApz
3016,@jalorixutero
3017,@buitien2610
3018,@dizmiller
3019,@d_gaspar7
3020,@LeandroViana79
3021,@annebkk
3022,@nadageek
3023,@YodaRevolt
3024,@NickolasAguiar2
3025,@CesarSandri1
3026,@Cardoso68806466
3027,@AlexRojito13
3028,@joo_semtempo
3029,@DanielCara
3030,@AthaydesRodrigo
3031,@vinisantosrj
3032,@hugoarcade1213
3033,@ag5_violeta
3034,@RamadhanKatang1
3035,@drewcaldwell
3036,@Liperatelli
3037,@cassote86
3038,@ComendadorDeAss
3039,@oAntiHeroi44
3040,@JiuFoz
3041,@Rodrigomgb1
3042,@StkeseSergio
3043,@LuciClaudiaAOl1
3044,@Vetocap69
3045,@VitorReisPrado
3046,@vitor_edit
3047,@Dias_Fraan
3048,@FELIPELEAL1000
3049,@sylviaaprile
3050,@cadeirabot
3051,@ElisetePena
3052,@pimenta_suzana
3053,@DebeMoce
3054,@tucamodesto
3055,@MenegazzoRenata
3056,@JooRodr91678856
3057,@CavaleiroSolar
3058,@recalleleitoral
3059,@WiliamFAB
3060,@BentoLucilia
3061,@WBPatricia
3062,@vitorvelasques
3063,@AriPeixe2011
3064,@fgomesdasilva2
3065,@claudiasrocca
3066,@Vbaldarelli
3067,@_ANDREE_ESCOBAR
3068,@EvyKatz2
3069,@Francis44344622
3070,@Fernando_SDuart
3071,@alexandre151171
3072,@MariaLCAb
3073,@mariomm_3m
3074,@Vic41196654Vic
3075,@lucianomeloni5
3076,@noahOuseraQnn
3077,@alenunuj
3078,@MarinilseO
3079,@Gisele_MS2
3080,@UesuguiYasmin
3081,@MateusMarilia
3082,@dieviviarruda
3083,@hildaprez
3084,@denio_vale
3085,@julioshalom3
3086,@enrico_incao
3087,@henrique_ham
3088,@tamiressteixeir
3089,@aneshalieli
3090,@LAMPARA12982232
3091,@antonellibjj
3092,@OtavioDdy
3093,@_jamesrusso
3094,@leninaveira2
3095,@BernardoLewy
3096,@Fla_Msm
3097,@npmedellin12345
3098,@Tiagoelf
3099,@faperoli
3100,@igortruzmoraes
3101,@FR_BSB
3102,@_mikystone
3103,@marcelocoutinho
3104,@KodarNiedon
3105,@barrieguynow
3106,@W1lltXt
3107,@LisbonCitizen
3108,@_motinha0
3109,@Srta_Ecologica
3110,@chamic6225
3111,@Jorge74V
3112,@Diana50022146
3113,@johalifax
3114,@JulinhaVidal22
3115,@AshuKum49963176
3116,@alexlimareal
3117,@tomendes1
3118,@SouzaEluam
3119,@CamilleHurn
3120,@leonarcipriano
3121,@QuziaGomes3
3122,@Lidianerabelo1
3123,@batistaluiscl
3124,@ROSEMEI50580371
3125,@laico_brasil
3126,@soldadonofront
3127,@Claudet72026317
3128,@GraaLimaBastos1
3129,@claudiarurosa
3130,@voluptama
3131,@MengaoAvante
3132,@Joao_Correia
3133,@Cleuza2021
3134,@robertocngoncal
3135,@Pmalbuquerq
3136,@Gsuperqueer
3137,@eniomielly
3138,@plantabeiramar
3139,@therezafontoura
3140,@AnOpChile
3141,@sm_caio
3142,@hurlentloup
3143,@putin_sincero
3144,@AndreaKGalore
3145,@TerezaCorsetti1
3146,@adbrasil
3147,@ElisaCSantos1
3148,@Pag91160279
3149,@julio_schwartz
3150,@BasilioGreco
3151,@michelh89906947
3152,@OzOsvando
3153,@GhiBordin
3154,@Enyashv
3155,@Carva89717062
3156,@FirminaAntonio
3157,@R0drigoNogueira
3158,@Jurandi27325278
3159,@laboure_lima
3160,@yurirschroder
3161,@LourdesLimados1
3162,@ElizabethLanius
3163,@GloriaZ98329971
3164,@edumilsonpapo10
3165,@1234563ff
3166,@belaccioy
3167,@CLSsantosss
3168,@veridiano24
3169,@claudiomayor10
3170,@Josealvarenga0
3171,@AnaVela46442675
3172,@RenestoM
3173,@FerreirDonizete
3174,@JeffinhoCosta4
3175,@GhisiThais
3176,@afaguila
3177,@aleluia2011
3178,@itskayomelo
3179,@noskoski
3180,@leudaleu
3181,@gretzitz1
3182,@LisaGrund6
3183,@Brunonasc1993
3184,@dorismac64
3185,@ALuizCosta
3186,@Wiesinka
3187,@MariaBLemosMBL
3188,@CarlosBrazSCCP
3189,@mmadachi
3190,@FlavioPradela
3191,@ElenBrasil2022
3192,@KussRosiane
3193,@JBatistaCM
3194,@Silva_M17
3195,@jjamaral2gmail1
3196,@EvertonSouza018
3197,@suelyocchi
3198,@HudsonSantoXime
3199,@ringoulart
3200,@Sc2Edson1
3201,@Wladimi_
3202,@raldido
3203,@Rozesantos15
3204,@MariliaPachec12
3205,@JSPendot
3206,@sandrax73661525
3207,@euisacrezende
3208,@livia_sua
3209,@mariliamila
3210,@danmrts
3211,@MarcosMjsn
3212,@anonimus0064
3213,@tucunduba_girl
3214,@CunhaElderson
3215,@MariaLciaQuare1
3216,@Mulher_Noticia
3217,@BlogdoNoblat
3218,@Luca240574
3219,@gylbertmendes
3220,@vaneasimivrsa
3221,@Marathi47353331
3222,@Antitese9
3223,@FSteele11
3224,@EDIC_OLMT
3225,@wi_dono
3226,@TejuinoTwist
3227,@georgeafg
3228,@leeh_oliver23
3229,@RafaelLisboa97
3230,@soniamaffer
3231,@alma_floris
3232,@AmareloJoao
3233,@El_K_Bong
3234,@VeraSchuck
3235,@michaelfreire01
3236,@aruss_f
3237,@RichardGrabing1
3238,@dantas_so1
3239,@DIGNOMoro
3240,@Gomes97300
3241,@AndradeHelmo
3242,@Esther44310378
3243,@NakamuraAdrian1
3244,@JukaMambembe
3245,@Domingos_Ferraz
3246,@Adelmao2segund1
3247,@Juliana93126917
3248,@BurroGado
3249,@marceloaltavini
3250,@Neide43477920
3251,@solheidpalmqui1
3252,@EloyPS
3253,@anbrazzz
3254,@MarciaAmazonas
3255,@Jessicanogsouza
3256,@UKRANIO2
3257,@6cordasmilvidas
3258,@Oliver57890287
3259,@driyka99
3260,@r_gsouza
3261,@Lucas_Oz
3262,@MHL72
3263,@Fernand03438085
3264,@rogerbcunha
3265,@CultEArtLIVRE
3266,@ClagiusClanler
3267,@JuniorGDB
3268,@InesCaldas_AM
3269,@MIsf14061963_58
3270,@Eu_RafaEL_
3271,@MagnaniClarissa
3272,@ElianeMoreira11
3273,@M4th3u5engtel09
3274,@RRodriguesEliel
3275,@Abreu_Dallas
3276,@CaromanoVania
3277,@MaibonSimone
3278,@BiaDegrazia
3279,@LongoWaleria
3280,@laurasn666
3281,@MarciaA93870720
3282,@FlaSempre_
3283,@Hound1970
3284,@sticky_ickarus
3285,@selda7534165
3286,@Cesare87254983
3287,@diegosants11
3288,@cruz_edigar
3289,@Eduardo52585592
3290,@LFreitesA
3291,@DaniloNSiqueira
3292,@elenpress
3293,@TsunamyPower
3294,@Bean2A
3295,@reztirps
3296,@Anbal73906182
3297,@_nees1
3298,@meu_rha
3299,@Katiaref
3300,@grupocapu
3301,@iambrokengirl27
3302,@MrciaSi05938033
3303,@Warley_Lopes
3304,@EuCarloscostas
3305,@9vaes
3306,@VanuciaFerreira
3307,@carlosbd66
3308,@GottesFriede
3309,@rozianebsantos
3310,@matthoo_
3311,@DINAHMRIB1
3312,@ApGregaitis
3313,@Irlanda77411410
3314,@lizBeth_Hineni
3315,@rtfranceschi
3316,@pupisantana70
3317,@DimasGuilherme3
3318,@LimaDoc
3319,@matheusmitnick
3320,@osires_de
3321,@LuisRibeiroLop4
3322,@simonecostabrez
3323,@Tiffy01010101
3324,@lucia98624147
3325,@joanavargass86
3326,@JuniorWanderlan
3327,@Abacatesa
3328,@imbranatoso
3329,@EAzouf
3330,@CarvalhalKarla
3331,@esperancaetica
3332,@joeparlaconte
3333,@Denys474
3334,@JorgeLRuiDias
3335,@pinpinmeuamor
3336,@bicudo2000
3337,@cris27813807
3338,@CaravanaMccoy
3339,@LasSmith6
3340,@EmbracMissoes
3341,@zazak404
3342,@HeLbErTiNHo
3343,@labalduino
3344,@Telmolucio
3345,@Senhor_potate
3346,@brachoditrevi
3347,@AlvesKevinin
3348,@SilvioDarlan
3349,@DyGinger
3350,@jairbianco66
3351,@wqueles
3352,@MariaAmliaMont1
3353,@jctm1
3354,@LeoHenryque1
3355,@MachadoSouzaSe1
3356,@pontes1768
3357,@Betehiltbrunner
3358,@Lua12786820
3359,@VilalobosMjose
3360,@FicaramSabendo
3361,@rjescobars
3362,@marcodor
3363,@Icarus_the2nd
3364,@Tsjeb
3365,@heidiypi1
3366,@BettyBo99274244
3367,@SurpriseBox
3368,@paradiseshepp15
3369,@ShigeyoK
3370,@Alexandrika1
3371,@mavisanx3
3372,@GoldenD_SCP
3373,@diegoluz20
3374,@AndresericOrtiz
3375,@RobertoVale10
3376,@DePratavieira
3377,@RodP13
3378,@auri_gianni
3379,@luciana_zandona
3380,@PaznaUcrania
3381,@lizpere75
3382,@s4lxFtD8WxnAXkV
3383,@CornelyAilenroc
3384,@bob73575607
3385,@Orobertopereira
3386,@CLAUDIO_FOUND
3387,@MarciaB99176545
3388,@Joanakiity
3389,@martimrf02
3390,@Helenic93752169
3391,@DarwinSempreTem
3392,@JullioAllen18
3393,@pchopner
3394,@pharaujo85
3395,@Hugo_Rego_PT
3396,@MIRIANRJ2012
3397,@Dany79sweet
3398,@jorsugar
3399,@GaIo_Na_Veia
3400,@brazilcoll
3401,@afr_tweet
3402,@DaveJHmatt
3403,@ArianaCarla19
3404,@leodykiy
3405,@PhoenixLioness7
3406,@AnaPapri
3407,@IrinaTsilva
3408,@Carolinareyesmn
3409,@PileckaJoanna
3410,@MFDSP
3411,@DosJanaiara
3412,@capitu510
3413,@aramis_1980
3414,@LeideDaiane85
3415,@CassiusOliveira
3416,@Antoniobaia6
3417,@internacionalzp
3418,@Mairacantero6
3419,@DeLuCa
3420,@HenriqueTenor14
3421,@CarlosAguilarOr
3422,@mikaella321
3423,@AnaPSGCarvalho
3424,@mariasebastiao
3425,@prometeoblue
3426,@cmxu66
3427,@LemStraw
3428,@BigBlackMamba4
3429,@PaniSapkota
3430,@jofh5
3431,@Fernand47299829
3432,@AJLacerdaSantos
3433,@33RobertoMT
3434,@Ivanmarcelocam1
3435,@aplb11
3436,@zeus1sonia
3437,@MonicaMoutinho3
3438,@xanaacruz
3439,@FilipaFelici
3440,@monicamagyoga
3441,@ManhosaLeoa
3442,@ayrtoncamargo
3443,@maxileoa
3444,@aurora_diogo
3445,@PainoMauricio
3446,@lelekachikila
3447,@brasil20205
3448,@AnacVentilari
3449,@GlauciaMarque14
3450,@LucianoJBSanto2
3451,@NanaNana1964
3452,@sitefervecao
3453,@julietjs
3454,@srdeiro
3455,@SUSANAH13
3456,@Rafamorim1976
3457,@macielclaudio
3458,@JussaradeSouz20
3459,@WesleyFabrciod1
3460,@AugustoBrando10
3461,@Lekinhocbr600rr
3462,@1972andreluis
3463,@mouro_rosa
3464,@KwClauSequeira
3465,@RonildaDias3
3466,@IaraKern
3467,@AugustoCRVieira
3468,@pedrodematosmo1
3469,@ro_patriaamada
3470,@AntonyFabbio
3471,@geoco19
3472,@tbmvb
3473,@FranciscoSonoda
3474,@prsamuelcunha
3475,@MariadePortuga3
3476,@annewithane_pt
3477,@cristin99832756
3478,@Odifa7
3479,@GomezzChico
3480,@Herval68461744
3481,@InsGladysSPint1
3482,@danafihesjdm
3483,@lalacamilotti
3484,@Dani88687190
3485,@mauhome7
3486,@Ordemprogresso7
3487,@andrempires_
3488,@noliusiline
3489,@RenatoA69443414
3490,@fabioarte
3491,@Bellatyyx
3492,@nandabatt
3493,@DinisPeixoto1
3494,@SousaPPS
3495,@Vivi31483640
3496,@bianca_giraldoo
3497,@Uribista87
3498,@rmogollon55
3499,@Jacquefelizjf
3500,@DiegoFi27933574
3501,@Cynthiahad
3502,@selmamathiass
3503,@emariaabreu
3504,@engtsantos
3505,@GabrielSemMitos
3506,@Sagito87
3507,@AsanoMonica
3508,@Bahia_will
3509,@MaraLiaJesus1
3510,@Mel__Ferreira
3511,@Alexandra25oliv
3512,@vini_ldazai09
3513,@BetoPereira19
3514,@cspn911
3515,@MarceloACoelho1
3516,@cjsdiniz
3517,@lisasousa_07
3518,@ionanatchios
3519,@Mairanotwiter_
3520,@SirDavidSilva
3521,@tecno_boy
3522,@AnaMartinsGomes
3523,@I3runo_m
3524,@MartaFe40227904
3525,@Bernardo__Ines
3526,@Daniela25600455
3527,@TempestadeRisk
3528,@jonzifonzi
3529,@sarafonseca1893
3530,@AntoSaias21
3531,@Discovering_ju
3532,@IamDraxler
3533,@HugoAlegre7
3534,@Vicentearsv
3535,@jrdieguess
3536,@Marambaia1
3537,@henriquemrm15
3538,@Wallace04077176
3539,@BarosaJoana
3540,@danna51189635
3541,@ejrvicente
3542,@gmevora
3543,@ricmendes22
3544,@hellopinksky
3545,@dissidencias
3546,@Martazelopes
3547,@jmjcosta1997
3548,@_real_peter_
3549,@theanacapela
3550,@DinisPonomaren2
3551,@Joselei66
3552,@tuga_honesto
3553,@8b6rjj8zk9
3554,@C_Crisostomo
3555,@SaraNeto57
3556,@franguimilho
3557,@JoaoGeraldes02
3558,@DiJorgeSousa
3559,@barbaradrangel
3560,@Xpto75417672
3561,@lin_e_S2
3562,@viewsinpolitics
3563,@CatarinaOReis
3564,@Alex41643097
3565,@pauloshdias
3566,@anaribeiro254
3567,@MartaPrataD
3568,@PedroPe99274217
3569,@DanielaMestre13
3570,@reisduarte1
3571,@PattyGonalves14
3572,@iurcaldeira
3573,@jorge_vogado
3574,@84Henriquep
3575,@SgGeraldes
3576,@franciscavdc_
3577,@SandroA1904
3578,@hugofgante
3579,@lampiaodonorte_
3580,@rsimoesr
3581,@GuerreiroCavaco
3582,@they_call_me_pi
3583,@CloseBorders
3584,@joaogoliveira
3585,@andreiacf3
3586,@pfgraca
3587,@RicardoCerdeir3
3588,@rpvilao
3589,@eveemars87
3590,@Delta_Foxtrot_
3591,@VascoAzougado
3592,@Maryin72
3593,@JhakeGuttz
3594,@betobarbo
3595,@praises2014
3596,@deny_denyca23
3597,@SalgueiroMG
3598,@claudia_provasi
3599,@CANAL_do_ALONSO
3600,@cleberbar01
3601,@AlmeidaAlzira
3602,@MariaIlka1
3603,@assi_spm
3604,@carlacalisto
3605,@SandroS63422915
3606,@dujunace
3607,@ls_luiss
3608,@CleopatraMedi13
3609,@faminasferreira
3610,@Shafa1844
3611,@idolatrianao
3612,@Adilson99186386
3613,@Biribis3
3614,@lee_leuda
3615,@erivan1027
3616,@Iro_SomosMoro
3617,@sandracarvalho3
3618,@profeborto
3619,@fernandor159
3620,@Eduardo64202628
3621,@Lucas20988753
3622,@Dseccon
3623,@Lauragomessant1
3624,@GimersonCavalc1
3625,@anncavalierigm1
3626,@freitass11
3627,@JushonMiguel
3628,@rickcarvalho007
3629,@tupihgl
3630,@mmpalha64
3631,@PngLuiz
3632,@MauriceclaudeD
3633,@Joaquim30147111
3634,@Satya61170039
3635,@piggytoulouse
3636,@andrebranun
3637,@Regina93243572
3638,@jluiztuittecom
3639,@Jhonjavi00007
3640,@zezinho_j
3641,@Fcoimbra
3642,@dawncool56
3643,@brwninh4
3644,@SSRE05187441
3645,@ronaldomsrt
3646,@mayaradesaviei1
3647,@tatianavvs
3648,@DjeiniferB
3649,@AqueleTipo2
3650,@SoaresJose20
3651,@AiltonPrince
3652,@AltinhoRJ
3653,@Alexand91374018
3654,@simardi_paulo
3655,@AnaPezzutto
3656,@MaluhMartins1
3657,@HallissonRenan
3658,@switchhere01
3659,@Conceio53519669
3660,@jk_mannan
3661,@juyongmateoc
3662,@geovanirafaelc1
3663,@AudreyCarmo
3664,@eri_leite
3665,@Daniela95961088
3666,@ltamega
3667,@oscomunistas
3668,@TiescoLucas
3669,@italomaia
3670,@salatiel_argonn
3671,@enooliveira
3672,@RamonSyllva29
3673,@AderlanSerafim
3674,@Lo_picoe
3675,@tobararbulu
3676,@be25664628
3677,@leonez56
3678,@gabbgoal
3679,@zawojanka
3680,@FabianeRAlc
3681,@GillsonOlliver
3682,@iansmit58861933
3683,@odio_nao
3684,@Ophelia13822556
3685,@scj1112
3686,@leandrocristais
3687,@PedroJardim60
3688,@RafaPulz
3689,@HudsonRamon3
3690,@Rodrigues_mazim
3691,@Dutramda
3692,@Alex_JDiniz
3693,@stephanieleao
3694,@GiohTenorio
3695,@WilliamLourenc0
3696,@fativiclu20
3697,@FrankCo42359705
3698,@mzsierrababy
3699,@chicaodornelas
3700,@WanderlleySP1
3701,@agness_ja
3702,@Marcin_1412_2
3703,@dlocatei
3704,@Dr_AndrePinto
3705,@bronzemolles
3706,@apturini
3707,@1lucas_barboza
3708,@CaioMon17835801
3709,@GilvaneFelipe
3710,@ana42ps
3711,@ginaduarte1407
3712,@ConsuMll
3713,@aTurinMT
3714,@MichelePiresdo1
3715,@znlira
3716,@_afadamadrinha
3717,@LediMachado
3718,@policialliberal
3719,@Tsayeg
3720,@jurivaldo_serpa
3721,@lsgmeira
3722,@Jacquelinespfc
3723,@AdlerFiliph
3724,@fabiomendes
3725,@HelenaIlca
3726,@Lidisaura
3727,@SidneyAffonso
3728,@TripasB
3729,@NsJuliao
3730,@carmosergio
3731,@LeirePires
3732,@neiesteves
3733,@letspoker
3734,@EleitoraA
3735,@lymphopenia_
3736,@tanocas_31
3737,@reynoldsDeeBR
3738,@prdmsd
3739,@Eduardo95174250
3740,@BetoAD
3741,@Marquinhossy
3742,@FRANCIELUDI
3743,@avennqp
3744,@nancyafc
3745,@GDinizz33
3746,@IgorSilvaLeao
3747,@pablori70578791
3748,@PsoccerCOM
3749,@Du65713213
3750,@BobCorder6
3751,@AnaLuizaHolan10
3752,@GilvanMontalvo2
3753,@tzaroliveira
3754,@21_felipee
3755,@Tazmnico1
3756,@GladysE56460042
3757,@Catia41539649
3758,@lucasnicoliof
3759,@Caio_de_Santi
3760,@renato_nathios
3761,@MatheusRCond2
3762,@camilinharmm
3763,@Cyara2001
3764,@Emanotel
3765,@dannyhel_mont
3766,@euaseven21
3767,@marcus_vasc
3768,@IuriFiedoruk
3769,@LizotAnderson
3770,@opsimata_
3771,@Lacquered_World
3772,@LuciaFariasTri1
3773,@iabsilva2
3774,@OxenteRichard
3775,@SlimaaJ
3776,@LuciaCa86838545
3777,@EPVascons81
3778,@MarceloRNunes2
3779,@allandospanos
3780,@Ijunqsouza
3781,@betorv
3782,@VeraMor92370998
3783,@hatakiph
3784,@Pity542
3785,@FernandoMagnat3
3786,@Pedro45082051
3787,@Ivanildogonzag4
3788,@Jonatas_JJ48
3789,@jorge_a_secas81
3790,@Sampaio3Teresa
3791,@rosaneloureiro1
3792,@MonicaVivaBR_bk
3793,@johnlordcroft
3794,@Claudia03268410
3795,@GUMERCINDOFJ
3796,@ttdaAnne_Mac
3797,@alexvaccari
3798,@Mouses00325403
3799,@mipajujuju
3800,@LiPe77543501
3801,@anabernardi
3802,@Marina92011959
3803,@Elianed22388575
3804,@Nena28914013
3805,@JssicaS47289164
3806,@pedrosenab
3807,@DeMoraesLucia1
3808,@Grazian34516229
3809,@LiliPalmer19
3810,@hmarrocos
3811,@ReiffBotelho
3812,@VelascoRodolfo
3813,@mafarodryguez
3814,@AbramoMiriam
3815,@cvenicius1
3816,@MarcusImai
3817,@jeras_
3818,@dinoratdu
3819,@patbalbi
3820,@gracasalume
3821,@sisuper1000
3822,@nalgumlugar1
3823,@camposamd
3824,@NegoSwag
3825,@Unknownical
3826,@eduardopern
3827,@Cal_Odis
3828,@MesqN
3829,@BaptistaKiko
3830,@Oliveira27M
3831,@Rum_Santos
3832,@EscorpioesPoder
3833,@dptmateus
3834,@asinfinitaspo
3835,@LNunes2003
3836,@Ronei84546877
3837,@biacarvalhoarmy
3838,@andretavere
3839,@regina_advogada
3840,@HELIO1976
3841,@GuerraValesca
3842,@juninhobentojb
3843,@Zachazaidan1
3844,@Quimnn
3845,@Lobao77318841
3846,@tonylobato
3847,@LuizClu62340698
3848,@DomPedroII27
3849,@ContraOsIdiotas
3850,@Valmir145
3851,@AnanabDy
3852,@olhandoamare
3853,@jcdaudtdel
3854,@RenatoR74035002
3855,@cauebg
3856,@revistalavie
3857,@ikauffmyself
3858,@AnaLima191287
3859,@Nataliafemini
3860,@Brunocargo
3861,@rulhas
3862,@HanzoTakaki
3863,@Tedy19121980
3864,@Ligia_Vanessa_
3865,@ellenleto_
3866,@andre_bvs
3867,@veraluciadutra
3868,@phoenixWica
3869,@ummilbauer
3870,@Bernardofroesg
3871,@CrCasemiro
3872,@HAROLDOPICANCO
3873,@DanielCarvalh42
3874,@LiberalMinion8
3875,@bernardorcha
3876,@ApolonioIlson
3877,@Rodrigo04280016
3878,@RodrigoGuedes20
3879,@JlioVeleda
3880,@TerceiraViaRec
3881,@chibi_toad
3882,@ReiZafir
3883,@marola1971
3884,@prie_bianca
3885,@GilsonCBaixa
3886,@ZoroastroSantos
3887,@jjunqmor
3888,@ClaudioMachado
3889,@deia1967
3890,@lboucinh
3891,@Paz_no_mundo_
3892,@Vc_Decide_
3893,@renataagostini
3894,@EdmilsonSantoro
3895,@padedutra
3896,@isabeleflor1
3897,@PEDROSIDRIM
3898,@MariaSlviaoliv1
3899,@DeixarVou
3900,@hiporcritabr
3901,@_gonc4lves_
3902,@JosApar03004165
3903,@lucianogonzaga
3904,@VLobio
3905,@Henriqueadv77
3906,@donadecasa55
3907,@feibian76
3908,@Regina_goiana
3909,@uzimeliat
3910,@LuizAntonioFr17
3911,@Jwls28835440
3912,@Georgiana3007
3913,@antonioerjr2009
3914,@aguia55rocam
3915,@brunoejb_angra
3916,@LocioDanielle
3917,@silnogacz
3918,@soImpunidade
3919,@NinaRL240
3920,@pink_pink16
3921,@MrSinue
3922,@matheusBBarni
3923,@AdelsonAntoni12
3924,@Jammie_Sommers
3925,@Leandro96801671
3926,@dani38013780
3927,@ailuminadaa
3928,@LuizGananca
3929,@Charles77564801
3930,@markkrm
3931,@RaquelEstefany0
3932,@luigi_cardeles
3933,@marcelamrahal
3934,@PauloRicardoad
3935,@my_life_trash_d
3936,@DanAdjuto
3937,@GabrielM4889
3938,@StanleyBresh
3939,@PManattis
3940,@domluizpedreira
3941,@GabrieldeMacedo
3942,@IoneLCordeiro
3943,@dautoloko
3944,@AparecidaAngela
3945,@Margui_78
3946,@DeicideUH
3947,@Dede19631
3948,@Thedougrafa
3949,@KleberRibeiroC3
3950,@PedroBeltrao27
3951,@vini_murad
3952,@Ptjaybirdie
3953,@Ronaldo36610944
3954,@sakumamax
3955,@jeannemirandac1
3956,@EdisonAquiles
3957,@pombo_miope
3958,@Dulce59753771
3959,@angelarosane
3960,@angelolins
3961,@VeraRoc55213094
3962,@cidinhachanut1
3963,@manel_gf
3964,@mizunokioku1
3965,@AtilaSi60431970
3966,@astga14
3967,@Nahuel0295
3968,@NarabmShika
3969,@diceliaguy
3970,@questioner_heal
3971,@geruzalima2
3972,@ArbizaCarolina
3973,@olegariogutman1
3974,@RenatoTojol
3975,@WSPEDROSA
3976,@engdohawaii2
3977,@vivigreice20
3978,@MariaFe00497478
3979,@eusouumoutro
3980,@FranciscoBBAANN
3981,@fctiepo
3982,@liamabat
3983,@luanzinho024
3984,@romulo_flores
3985,@OsmardeSiqueir1
3986,@manteuffel_t
3987,@bozo_bot
3988,@ferreiradriane_
3989,@gabrieljgranado
3990,@piperno
3991,@pjclps
3992,@jaumesol
3993,@STYLEJDB
3994,@Xhadoamazonas1
3995,@Interceptorvoid
3996,@KailanRickelme_
3997,@acima38Brasil
3998,@pedroco59424938
3999,@Diegoalves_t
4000,@LadyCasannova
4001,@ParmenedesDias
4002,@regiscavalcante
4003,@vjuliao
4004,@Eduardo06403096
4005,@NOCHOICE19
4006,@TIOFONTES48
4007,@ralvarezdj
4008,@DigitalCredArg
4009,@FreddyFreedon
4010,@ahora_credito
4011,@Ricksemdestino
4012,@creditosalbert1
4013,@MariaFeistauer
4014,@Cynthiafontesl1
4015,@macedoromulo
4016,@DEDE2201552289
4017,@Leoservoam
4018,@Amilton_Brito
4019,@Cesarol35701311
4020,@AtaulfoSilva
4021,@Adriana63495174
4022,@CarmenNbrega1
4023,@Stedders1975
4024,@MarinesMoura
4025,@alciopitt2
4026,@sidartareis
4027,@luisludfilipe
4028,@luizpaulotexugo
4029,@DecioPinheiroJr
4030,@RosauraNanini
4031,@gggerius
4032,@Brutn11
4033,@FtimaAp61076563
4034,@matheus83309930
4035,@Biaolaso
4036,@LeonardoRib198
4037,@Fredericogmene1
4038,@whiterudeleo
4039,@antonioffc_
4040,@Lianne306
4041,@EritonBonfante
4042,@MendesIlan
4043,@lunarobb
4044,@spfc11lucio
4045,@didspn
4046,@nao_e_narrador
4047,@Thaaismulo
4048,@rosa_sane
4049,@pretapreteenha
4050,@f_delachance
4051,@UniverLove06
4052,@WatanabeSanae
4053,@lucasrzo_
4054,@HbBecker
4055,@TelmaGuimares8
4056,@Asleyily1
4057,@garotagomz
4058,@takervictor
4059,@ooohAndre
4060,@AiboFabricio
4061,@bigcrock88
4062,@Adri_Buarque
4063,@lins1954
4064,@sgpcuca
4065,@Willian_1886
4066,@gustavo40362913
4067,@marileneoliva
4068,@sodrejic
4069,@sergiochamone
4070,@henrique_oscar2
4071,@Mari84005639
4072,@mulekepiloko
4073,@DaliDal17
4074,@Angemonx
4075,@Ane33958206
4076,@Alex_fichtler
4077,@otaldomineiro
4078,@laay4566
4079,@gabiabdalla_
4080,@MaximilianDorn9
4081,@cae_dragen
4082,@claaudia357
4083,@mviniciusfaria
4084,@giovanabronzato
4085,@ovinizito
4086,@luenne_serra
4087,@cef1942spbrasil
4088,@brasildiferent6
4089,@RannahBanana
4090,@MequiiiTonzinho
4091,@idalezio
4092,@borgeszinha_
4093,@Shishah_arq
4094,@JulianaDomme
4095,@AnaaaRib
4096,@Barbie_ativista
4097,@OzielCosta_
4098,@RuubensNogueira
4099,@loucapordrama
4100,@Rafinha_kchorro
4101,@ana_koschelny
4102,@SeverinoBrito5
4103,@drinksheeran
4104,@re_alabarces
4105,@TsubasaMai
4106,@danielafmsgomes
4107,@estrelitzia1
4108,@CrisCatiab
4109,@Maelperera01
4110,@Andreia_rocha
4111,@wiliamterroso
4112,@karolinagyn
4113,@eugabrieleconte
4114,@bethsantosadv
4115,@tinefisio
4116,@bruno_filipe_01
4117,@demadaman
4118,@VPedruzi
4119,@antonio_jcamoes
4120,@PurgatoryFox
4121,@RooseveltPaixao
4122,@dcosta_111
4123,@mparisati
4124,@HenriqueHanse
4125,@Nexakrull
4126,@nunorccoelho
4127,@tom_volde2
4128,@Antoniocesar99
4129,@Patricia7325651
4130,@jvRonchi5
4131,@steeteh
4132,@paivacaio
4133,@rhanaxy
4134,@Nikky92995547
4135,@amanda2014acgs
4136,@yameteonii_chan
4137,@croismo
4138,@conchaalopes
4139,@gimellofranca
4140,@LuhKpp
4141,@NovasRodrigo
4142,@reis_shirley
4143,@MonicaRRDB
4144,@Diiogoluca
4145,@rubenpbsp
4146,@KarielePerez
4147,@Eduardo58175614
4148,@isabellaihaaa
4149,@NaianeMaraSouz1
4150,@RafaelEd301
4151,@samantanunes
4152,@Vanessa51449450
4153,@Lucas32246869
4154,@jggoss
4155,@AbelirioVale
4156,@monica_chang
4157,@xxbruninx
4158,@antunes_anagcs
4159,@edbruchr250
4160,@roussadoviegas
4161,@paulovictor2928
4162,@DaniPaulistinha
4163,@marllo_on
4164,@SuzaneSarno
4165,@denislgf
4166,@dacostaellie
4167,@BazzanAlexia
4168,@lucasmmazevedo
4169,@lua_na_agua
4170,@_Caroliiiinaa_
4171,@spo_tex
4172,@jussieteixeira
4173,@GuriaaDoSul
4174,@Rodrigo97700921
4175,@bia8coelho
4176,@ClacksG7
4177,@LuuhGuerra
4178,@AchaJavilor
4179,@Fogudomalotado
4180,@AfonsoStark
4181,@crisluizetto
4182,@ka_3023
4183,@keilakos
4184,@GeraldoMilians
4185,@ellzager
4186,@paulakmc
4187,@KelMenezes9
4188,@quasemiss
4189,@xxxvanexxxx
4190,@MariaIs73948174
4191,@AndrLuisSil
4192,@LukezadaTJK
4193,@marisascruz
4194,@NemLulaNemBol
4195,@bmkraemergmail1
4196,@IgnacioYbanez
4197,@ozeiaspps
4198,@WanderleiaLim10
4199,@robsontpminas
4200,@LeonLeo73409728
4201,@Brisa43259555
4202,@gracinda_gratao
4203,@FabrcioValrio1
4204,@NelsonZornitta
4205,@SFutorian
4206,@bEL13gOyuhkpMQq
4207,@gaarciaabraavo
4208,@AntonioSous
4209,@LeilaJorgeAntu1
4210,@Ivani_Rahal
4211,@niillaaaaa
4212,@Plucior
4213,@fsdfreitas
4214,@AnaVMartins1
4215,@LalinhaSandra
4216,@EricLineker27
4217,@gabriellaumanag
4218,@marilea_menezes
4219,@Victor9Ferreira
4220,@danielcarv_07
4221,@tuelo111
4222,@flipper09112
4223,@andrevcm90
4224,@LE0PTA
4225,@17cd7513772a4e7
4226,@LitoFSGC
4227,@soeiro_v
4228,@TiuDaPacoca
4229,@not_unamuno
4230,@betinhogomes
4231,@innesgomes3
4232,@FehNux
4233,@marceloalves762
4234,@luanafilipa2022
4235,@zamukafunkrock
4236,@DondaRay
4237,@kpopAlternative
4238,@ninamaria1978
4239,@GomesGothardo
4240,@Caiofqg
4241,@philipespier
4242,@Lynikerrr
4243,@aldebaran13PT
4244,@_beeBru
4245,@catarinadppinto
4246,@belzaelmusic_
4247,@AngelikaLima5
4248,@leandrocunha123
4249,@mariasinha28
4250,@Tro0zinho
4251,@edsonalmeida
4252,@RobertoRibeir29
4253,@Rosaoliva2019
4254,@ZedAlmeida
4255,@GADOBR
4256,@luizcaarloscrf
4257,@luismarinho98
4258,@NeiaLazzari
4259,@Helisan1
4260,@PedroErDias
4261,@Gmbnogueira
4262,@VickiVBowen2
4263,@lollarepu
4264,@CarlosVacaria
4265,@Laila28770076
4266,@CaioCruz3991
4267,@LuizPlusPlus
4268,@Alves20Gaby
4269,@Petbunny4
4270,@zeericardo96
4271,@erikmalagrino1
